Time,BtoB
,6000
,1610
,6970
,2960
,1520
,910
,10600
,5290
,12600
,5010
,4400
,4130
,6850
,3140
,1690
,8230
,2780
,620
,11220
,1250
,2470
,1460
,3980
,1230
,1120
,1120
,1160
,3670
,2210
,2240
,2700
,15480
,12770
,1610
,2090
,6780
,5950
,530
,9370
,9820
,3960
,700
,13900
,20330
,1820
,2800
,2150
,20180
,1200
,4200
,1500
,2500
,2670
,2040
,4120
,1790
,7840
,1810
,1050
,27040
,7740
,6890
,3160
,2260
,2160
,1700
,7020
,2830
,1450
,810
,2450
,1460
,2950
,2490
,2840
,3760
,10890
,11050
,2260
,5840
,3250
,3570
,4620
,4080
,8300
,2150
,2740
,11000
,3120
,6150
,960
,3350
,1500
,2130
,2500
,1670
,6940
,1010
,4880
,2000
,2620
,2870
,2440
,2900
,1860
,720
,1040
,1070
,1460
,2350
,3990
,7420
,4070
,2150
,2330
,3250
,11290
,3100
,2960
,2130
,1300
,5950
,6340
,6350
,2390
,2530
,7330
,7580
,2540
,3720
,9540
,16050
,12670
,11930
,3200
,10690
,4000
,1000
,18600
,7150
,23030
,5790
,3420
,6050
,7490
,1040
,5280
,4460
,2400
,2890
,6740
,5570
,6370
,9840
,7540
,4320
,3870
,7240
,4890
,2530
,3020
,4350
,3900
,5030
,2110
,2640
,5800
,5680
,2140
,1500
,7890
,3550
,2750
,6170
,4410
,15850
,3670
,4280
,3370
,6000
,2160
,6870
,6230
,2350
,3550
,2900
,4790
,3080
,2910
,9370
,14160
,3290
,5400
,1990
,5860
,9520
,2720
,1360
,1310
,2440
,2750
,1850
,2840
,7160
,5860
,5510
,8840
,2330
,2700
,4500
,2250
,3680
,2290
,2030
,2310
,7410
,7320
,1640
,3430
,2880
,4800
,2170
,2700
,3230
,2140
,2770
,1090
,970
,5510
,3040
,8470
,4330
,1620
,3340
,3650
,3650
,5480
,12670
,540
,920
,1420
,930
,670
,1990
,5690
,2970
,2540
,870
,2480
,2740
,4240
,12390
,2510
,5620
,4620
,4030
,1290
,8960
,2730
,3300
,2520
,2270
,12170
,6950
,7660
,12870
,5200
,6890
,3620
,5310
,5940
,3280
,1630
,1800
,1070
,2550
,1770
,1080
,5430
,2910
,1070
,1150
,7550
,20150
,1750
,1210
,9010
,5240
,510
,1020
,3330
,2090
,3100
,3370
,840
,3900
,1540
,1160
,3880
,750
,1320
,6120
,8930
,1960
,3260
,1720
,2870
,4180
,1430
,560
,640
,710
,1150
,3570
,1840
,2950
,4210
,1270
,5240
,2830
,1340
,7040
,1480
,6730
,1390
,3360
,1500
,2180
,2980
,1270
,1230
,5520
,3460
,7020
,2420
,4240
,3060
,1600
,3350
,670
,1420
,2440
,3920
,1620
,1650
,2280
,2070
,630
,7470
,4880
,510
,560
,5670
,960
,800
,5430
,510
,1530
,1080
,1130
,740
,1120
,620
,1380
,2910
,4820
,2160
,3140
,3340
,3090
,2800
,5100
,930
,3640
,3740
,9770
,1420
,1970
,6690
,6680
,2440
,6580
,850
,1580
,3260
,5910
,2690
,1240
,3660
,7730
,9290
,1600
,1200
,5820
,10630
,3340
,5040
,9210
,2140
,8430
,1080
,3170
,2660
,1130
,1450
,2800
,3240
,4020
,2350
,1090
,9520
,4950
,1430
,2980
,6640
,1070
,6090
,5970
,2080
,6760
,4520
,3870
,1740
,5060
,3600
,2560
,1370
,4300
,2060
,6210
,4650
,680
,1370
,6960
,890
,5510
,6060
,1730
,2410
,2080
,2040
,1910
,1190
,3880
,470
,9230
,3830
,690
,4300
,2410
,2020
,1070
,5780
,6250
,2910
,19070
,3170
,12050
,5610
,1900
,3500
,8830
,9450
,2030
,2540
,2040
,3720
,1910
,4120
,3320
,540
,5330
,1390
,4670
,1570
,3270
,3680
,640
,1910
,2940
,1150
,3970
,1870
,6450
,8890
,570
,1270
,1350
,1200
,3340
,2790
,1840
,1220
,590
,560
,690
,620
,610
,530
,610
,690
,600
,510
,590
,560
,650
,590
,590
,710
,710
,1610
,540
,560
,550
,600
,1650
,4600
,2210
,2330
,3120
,2770
,4370
,1690
,1710
,12480
,4170
,2040
,2470
,4200
,4760
,2860
,4170
,2160
,4160
,4890
,2490
,3230
,1220
,3130
,1340
,4860
,1600
,1100
,3600
,1430
,1290
,2060
,2430
,2250
,2510
,1780
,5770
,3260
,3830
,3120
,2050
,3160
,3010
,2740
,3160
,3020
,3210
,2950
,4960
,1370
,1870
,3420
,2510
,3110
,2640
,3350
,8660
,7540
,5500
,4740
,3710
,1740
,3290
,2440
,1680
,1740
,1230
,1350
,630
,2880
,15920
,840
,1240
,580
,6180
,2050
,640
,4910
,8570
,6180
,1820
,1450
,1570
,3200
,1000
,1020
,3150
,1530
,4580
,6810
,5530
,1870
,6570
,790
,1010
,1170
,2030
,1850
,1760
,1910
,1630
,2830
,1500
,1610
,910
,3560
,520
,1410
,610
,1820
,1850
,740
,3400
,2360
,4790
,3180
,4200
,1800
,9740
,3600
,7140
,2390
,2780
,16400
,12430
,9670
,1810
,7150
,3050
,3360
,2630
,2640
,2810
,2550
,2960
,2910
,2850
,2850
,3140
,2900
,2860
,2780
,2630
,2990
,2900
,3110
,2900
,3100
,3170
,2840
,3240
,3110
,2950
,3160
,2490
,2810
,3820
,7380
,3090
,3010
,2070
,3780
,3600
,1990
,1300
,6980
,5380
,1410
,1280
,3010
,1550
,2850
,5580
,1730
,5270
,6960
,1870
,2610
,4290
,1980
,1680
,2390
,2290
,620
,860
,1110
,4790
,2780
,1150
,2200
,1560
,2100
,4050
,1430
,2380
,3240
,3350
,3690
,3350
,3250
,7210
,2890
,2870
,4040
,9030
,1960
,1700
,3450
,3180
,2130
,15450
,730
,890
,2370
,3280
,4120
,9680
,2900
,6490
,4840
,1970
,5530
,1530
,4790
,1680
,1370
,4770
,5190
,3400
,5540
,2220
,830
,4720
,1020
,4750
,9480
,2240
,1010
,5550
,560
,700
,500
,600
,590
,550
,1120
,5660
,2260
,3040
,3020
,3340
,4870
,3080
,2900
,2500
,5620
,3870
,2200
,2660
,1170
,2190
,4780
,2230
,5420
,2380
,1540
,3090
,1220
,3010
,12130
,6440
,1050
,3620
,2150
,7210
,2950
,1210
,1830
,5160
,7940
,2010
,1380
,3030
,2250
,4720
,6650
,910
,600
,7130
,7740
,1560
,3840
,940
,6610
,850
,680
,680
,1520
,3620
,5880
,8730
,4450
,3390
,1790
,6050
,3610
,4290
,1340
,2170
,3030
,1260
,6300
,2510
,2120
,6120
,2410
,990
,1980
,1790
,8320
,6380
,2740
,5590
,5420
,1200
,2290
,2530
,5170
,1210
,4560
,2060
,1310
,2450
,6940
,1290
,1620
,2760
,2540
,3030
,2670
,2950
,2780
,3600
,1970
,2440
,2610
,2480
,2840
,2590
,2920
,2530
,3370
,3780
,1210
,2620
,6040
,1430
,2010
,3760
,1470
,2340
,4080
,7220
,5900
,3740
,1960
,15240
,4450
,3800
,6640
,4510
,5420
,1680
,8170
,3990
,2850
,840
,1740
,4610
,4230
,3500
,3850
,6950
,5650
,8470
,1360
,2290
,2180
,3190
,3740
,1450
,7180
,2740
,8340
,710
,4920
,10290
,1760
,4200
,1920
,1120
,4440
,650
,7320
,2020
,3670
,3370
,1710
,1170
,1790
,4550
,2560
,3280
,1890
,3630
,4180
,3040
,1510
,2450
,1080
,1360
,2430
,7570
,2840
,4310
,1120
,3150
,1510
,2440
,12570
,2090
,3090
,8510
,1500
,390
,16470
,530
,3390
,2420
,1610
,5000
,1180
,3400
,720
,530
,1570
,2900
,3130
,4420
,4520
,1200
,1550
,720
,4480
,1910
,6970
,5240
,3940
,760
,5070
,6520
,2450
,4740
,4410
,2250
,4060
,3300
,4360
,1230
,3580
,2280
,4570
,2280
,5630
,8610
,720
,2050
,3170
,1840
,4630
,1590
,3060
,4060
,1970
,1110
,2900
,880
,1240
,730
,2160
,2120
,1150
,1940
,4220
,2870
,1930
,1260
,1700
,1730
,1380
,1460
,1080
,1480
,2240
,1110
,6610
,2750
,1450
,1970
,2050
,1540
,1700
,1190
,2230
,1210
,1940
,1160
,760
,2900
,2500
,5090
,2780
,2700
,4270
,1090
,1840
,1360
,1860
,2880
,3170
,1800
,940
,1250
,4590
,770
,3010
,3330
,2410
,1130
,2630
,3520
,1280
,2690
,1140
,1310
,1820
,8170
,4940
,3660
,11170
,4640
,3220
,1790
,4170
,2330
,9150
,1140
,2330
,3010
,3870
,760
,3710
,2650
,2160
,2420
,4820
,2280
,2690
,2630
,2590
,2450
,2500
,4240
,3320
,9700
,2630
,2670
,2780
,2340
,2320
,2430
,2290
,2500
,2530
,2450
,2280
,2520
,2630
,2660
,2420
,2060
,2780
,2930
,2390
,2300
,2010
,2550
,2560
,2430
,2490
,2340
,3210
,1110
,3500
,5750
,2490
,2480
,2210
,2370
,2220
,2430
,2700
,2480
,2600
,2370
,2470
,2470
,2580
,1910
,2450
,2650
,2810
,14080
,2650
,2950
,2890
,2560
,2690
,2420
,2680
,1970
,1580
,2500
,2620
,2530
,2540
,2810
,4950
,2840
,2230
,2640
,2540
,2370
,2320
,2690
,2700
,1710
,1300
,4520
,3690
,6920
,4280
,2630
,4110
,2370
,2720
,2660
,3910
,2710
,2460
,2410
,2750
,3270
,3280
,1510
,2260
,5310
,740
,3400
,2490
,4190
,1080
,2380
,2410
,2480
,2550
,2850
,2690
,2590
,2370
,2590
,3040
,2510
,5320
,6200
,7190
,1320
,1050
,5070
,13760
,1450
,11370
,4880
,2250
,2230
,630
,2550
,640
,1830
,1650
,940
,5230
,2880
,4920
,1090
,5070
,2590
,1810
,710
,8660
,1900
,3740
,480
,2510
,7190
,6260
,16850
,1750
,13280
,1570
,1260
,2030
,690
,5110
,6600
,2210
,2560
,6790
,5570
,2880
,2480
,3470
,15160
,7190
,2460
,8120
,2480
,2660
,2580
,2280
,2520
,2350
,2460
,2430
,2440
,2590
,2660
,2770
,2600
,2390
,2580
,2610
,1790
,2630
,1290
,2710
,2850
,2980
,3220
,2950
,2570
,3770
,1200
,2440
,2490
,2150
,2610
,4550
,4060
,2440
,3900
,4280
,2110
,2700
,1510
,5470
,4020
,4830
,1710
,4020
,2780
,2730
,6610
,3720
,1720
,3210
,1670
,5900
,1340
,3600
,1070
,4680
,21270
,930
,1360
,3140
,4440
,2460
,1250
,6390
,7000
,2470
,1940
,2140
,2480
,1820
,4030
,10020
,6370
,1720
,3090
,1260
,5280
,4660
,1850
,2410
,9620
,2140
,1260
,750
,3460
,3230
,5530
,9720
,2900
,2470
,2280
,5110
,1410
,1710
,11960
,3230
,1180
,5320
,2100
,1680
,5760
,790
,5440
,7520
,2530
,5360
,11520
,7870
,3520
,3590
,2450
,2420
,4580
,1860
,3360
,3370
,2310
,2330
,2490
,2300
,2480
,2360
,2380
,2980
,1780
,3130
,1910
,3190
,4170
,2110
,2480
,3310
,2970
,2560
,2510
,2520
,2710
,4960
,2270
,2570
,2260
,2010
,2580
,2460
,3190
,2570
,2930
,2870
,2620
,9860
,3410
,10050
,6730
,2250
,2400
,1050
,950
,2560
,2520
,2410
,2590
,2570
,2440
,2810
,2650
,5200
,3620
,12920
,2510
,5170
,2350
,2850
,2690
,2670
,2520
,2810
,2780
,2680
,2450
,2450
,2860
,2350
,2410
,2600
,2420
,2900
,2530
,2510
,2550
,3390
,2920
,2630
,2130
,2500
,2860
,2550
,2770
,2950
,2530
,2700
,2640
,2520
,2700
,2650
,2530
,2470
,2320
,2720
,2380
,2740
,2550
,2710
,2570
,2680
,2410
,3260
,1050
,2220
,2730
,2500
,2710
,2590
,2370
,2460
,2560
,2560
,2490
,2490
,2520
,2490
,2420
,2540
,2490
,1590
,1850
,540
,3680
,4900
,1920
,12010
,2530
,1390
,8760
,1190
,1830
,6950
,1800
,4110
,1110
,1780
,4940
,5590
,6880
,4740
,6060
,2200
,4190
,3100
,2480
,2300
,1220
,1470
,1980
,2330
,2560
,2690
,980
,2520
,2780
,3450
,9580
,1000
,720
,5870
,760
,10920
,2780
,3080
,2890
,670
,1660
,3100
,3090
,2870
,2330
,2390
,3010
,1260
,2210
,980
,1590
,3730
,2940
,3860
,3290
,4800
,2040
,2470
,2130
,3640
,5420
,800
,2850
,3190
,1420
,6590
,4300
,2030
,3730
,3880
,14460
,3590
,880
,5730
,3980
,5980
,3330
,1750
,5710
,5910
,5910
,1750
,1200
,3050
,660
,2430
,1500
,7140
,4980
,10940
,4340
,2310
,1910
,2770
,820
,3390
,7140
,2870
,4800
,1590
,2690
,1780
,2830
,1030
,2340
,2210
,1630
,1220
,2050
,2740
,1980
,2620
,2590
,3820
,3570
,4310
,3430
,1850
,1750
,1620
,2530
,1030
,1690
,5610
,5660
,2180
,3860
,1300
,2390
,6090
,550
,2050
,4670
,3870
,870
,5890
,980
,6790
,2340
,4060
,1150
,1140
,2310
,5890
,880
,3070
,3690
,2520
,4360
,3760
,6610
,3330
,920
,3030
,2640
,6060
,640
,2160
,1830
,3230
,5110
,2290
,810
,1170
,1050
,2370
,1160
,5110
,1130
,8640
,2080
,1730
,2040
,1960
,1760
,4050
,920
,11050
,4840
,3420
,2050
,5230
,5170
,1090
,1500
,3670
,6420
,730
,1250
,2970
,2050
,1670
,8120
,2590
,17410
,2280
,2600
,2510
,2930
,3710
,930
,1500
,3390
,7410
,8820
,3620
,2040
,3700
,1000
,3680
,8110
,2310
,4350
,2750
,2470
,3910
,2930
,9260
,2410
,1180
,670
,960
,2500
,1530
,2850
,3520
,8450
,5990
,1070
,1090
,2630
,5320
,730
,9260
,3580
,6450
,5670
,2460
,1690
,4360
,1970
,1750
,1320
,2080
,6850
,4120
,1340
,1060
,1270
,4070
,1000
,2460
,3150
,8060
,9360
,4980
,1320
,4060
,630
,2540
,6010
,3720
,1510
,6420
,2130
,690
,3300
,2020
,2930
,1010
,1050
,2560
,920
,950
,3160
,5280
,6310
,2720
,1160
,6830
,730
,6080
,1070
,2000
,930
,1890
,1040
,2940
,1830
,1360
,580
,1630
,9540
,2420
,5040
,1150
,3140
,990
,4600
,4570
,720
,12970
,10180
,5400
,10000
,2220
,4490
,5330
,4440
,1540
,2950
,3550
,4170
,1760
,1560
,2550
,1580
,8400
,3760
,3150
,1600
,1800
,5520
,2390
,3100
,2960
,660
,13660
,1360
,2360
,4110
,3130
,1040
,660
,4220
,2140
,3460
,2660
,4790
,2100
,750
,1310
,4620
,5570
,1050
,8600
,4140
,5580
,2660
,7600
,4390
,2150
,3800
,3620
,7540
,10890
,2670
,980
,2770
,7450
,2110
,3340
,4050
,1270
,6440
,4430
,2970
,2830
,1240
,2040
,1240
,2870
,5050
,1790
,1500
,2920
,13890
,1120
,600
,9040
,4390
,6510
,5030
,1120
,7500
,2440
,6140
,1110
,3820
,1280
,2930
,6940
,4010
,940
,2340
,4260
,1610
,1420
,1270
,860
,1940
,17350
,2170
,2090
,5310
,2050
,4160
,2900
,3480
,1850
,1220
,1960
,4240
,2760
,2440
,2070
,4310
,12430
,2220
,8210
,12520
,3950
,7220
,2320
,5670
,2580
,2780
,1430
,3710
,890
,7510
,5200
,3170
,9240
,3280
,6110
,16060
,2040
,1960
,2520
,5660
,3800
,2440
,2340
,2900
,3090
,3430
,960
,1310
,2700
,13340
,1690
,7140
,1660
,2660
,4920
,2980
,2690
,2310
,2220
,2940
,2500
,2360
,2430
,2650
,2440
,2540
,2460
,2620
,5310
,2740
,2390
,2820
,3120
,2700
,2660
,3100
,2760
,3210
,2900
,2800
,2840
,2290
,2820
,2780
,2570
,3030
,2580
,3860
,1730
,2670
,2950
,2500
,2270
,3040
,2340
,7850
,23690
,9310
,1210
,6640
,2680
,3330
,3140
,3240
,2460
,4290
,4590
,9480
,11300
,7420
,10760
,16170
,10460
,2750
,2520
,2940
,2440
,2350
,2430
,2920
,2560
,2430
,2330
,2550
,2360
,2820
,4220
,2670
,2450
,2990
,2740
,2580
,2550
,2610
,2320
,2390
,2710
,2920
,2660
,4630
,6770
,3140
,3040
,3420
,2780
,2830
,2630
,2510
,2660
,2930
,2740
,2710
,2590
,2830
,2520
,2590
,2640
,2750
,2520
,3370
,3070
,2470
,4250
,2450
,4490
,3330
,1620
,8220
,16260
,2280
,3020
,2690
,2770
,2440
,3060
,2480
,2690
,2780
,2740
,2700
,2790
,2960
,2910
,2780
,2960
,3090
,3250
,3280
,2930
,3100
,2700
,2740
,2710
,2770
,2840
,2710
,2850
,6380
,2510
,2820
,2860
,2650
,3430
,4540
,2690
,2670
,2890
,2900
,2740
,3020
,3540
,4240
,920
,3150
,2430
,2850
,3090
,3070
,3180
,2550
,10160
,3070
,1440
,2860
,4850
,3010
,4430
,17040
,2810
,2830
,2530
,2490
,5860
,1810
,1660
,6060
,2910
,3170
,2900
,3150
,2770
,2950
,2780
,2530
,5300
,15970
,6670
,2860
,2230
,2250
,2380
,2160
,2630
,2600
,1400
,1220
,2430
,2690
,1520
,980
,2440
,2940
,2490
,2730
,2690
,2730
,2300
,4410
,1480
,2580
,2780
,2810
,3450
,2710
,2660
,2520
,2780
,2510
,3160
,3200
,2850
,2710
,2340
,2610
,2790
,2870
,2770
,2460
,1560
,2500
,2430
,2580
,3040
,6310
,2770
,3000
,2800
,2710
,2690
,1090
,3980
,2720
,2540
,2750
,2910
,2770
,2770
,2580
,4260
,1630
,2490
,2940
,3030
,2750
,2860
,2850
,2750
,2720
,2960
,2690
,2730
,2600
,2870
,2630
,2820
,2360
,2470
,2850
,2530
,2540
,1060
,5100
,2270
,2890
,3020
,2690
,2830
,3210
,2270
,2970
,2890
,3040
,2660
,2660
,7660
,780
,22370
,2950
,2760
,2840
,10370
,2740
,5550
,3150
,3130
,2150
,2700
,2610
,4060
,2200
,3860
,10350
,2000
,4390
,12460
,3080
,3630
,3530
,2850
,2600
,2330
,11720
,8170
,1170
,3320
,3310
,3040
,2430
,3060
,2800
,2800
,2990
,2730
,2830
,3350
,1320
,2500
,2490
,2510
,2600
,2680
,2930
,2650
,2860
,2960
,3110
,2990
,2790
,3120
,2880
,5530
,2610
,3220
,2440
,4750
,4750
,1600
,2670
,2870
,2990
,2960
,3060
,4200
,900
,5210
,6730
,2910
,4940
,3180
,1920
,1640
,2540
,1920
,2530
,2480
,3440
,3600
,8880
,2530
,2480
,2520
,2510
,2600
,2930
,2680
,2800
,2980
,5110
,3310
,2480
,3100
,2590
,2830
,2510
,2750
,2400
,2680
,2470
,4020
,2490
,5360
,4840
,2710
,2450
,2900
,3170
,2960
,2830
,2600
,2660
,2760
,2740
,2530
,2330
,2200
,2360
,2510
,2720
,2680
,2570
,2700
,2700
,3010
,2780
,2760
,2820
,3310
,2630
,2920
,2610
,2220
,2870
,2570
,2490
,2560
,2800
,2960
,2620
,2890
,2680
,5140
,2530
,2510
,2600
,2870
,2850
,2940
,2740
,2990
,2550
,2840
,2680
,2700
,2720
,2770
,2700
,2750
,2750
,5070
,5300
,2670
,3080
,2630
,2500
,2910
,2970
,2610
,2530
,4310
,2830
,3200
,3010
,2870
,3130
,2950
,3030
,3310
,7360
,4160
,5280
,1720
,11450
,3080
,5790
,2250
,1160
,2900
,3280
,3070
,3650
,3000
,2650
,2630
,2640
,2420
,2600
,2840
,2770
,2820
,3120
,16260
,2580
,2330
,2630
,2500
,2670
,2640
,2780
,7220
,2860
,2460
,2900
,2900
,2730
,2980
,2620
,2910
,3880
,1070
,2600
,1110
,1180
,2830
,2740
,2910
,2620
,2760
,2590
,2500
,2860
,2830
,2340
,2770
,2420
,2590
,2710
,2740
,2470
,2760
,2760
,2340
,2620
,10380
,2440
,2710
,2560
,2820
,2710
,2630
,2370
,2860
,3320
,1440
,1280
,12060
,2860
,2970
,2970
,2970
,3210
,2730
,2930
,2490
,8780
,3050
,2910
,2740
,2780
,3060
,3230
,3000
,2990
,3080
,3130
,2930
,2660
,3060
,3140
,3060
,2340
,2860
,2900
,2440
,2880
,2930
,2710
,2940
,2830
,3060
,2830
,2990
,2820
,3300
,2750
,2790
,2780
,2810
,2460
,2910
,2860
,2870
,2680
,2960
,3020
,2910
,2710
,2940
,3070
,2250
,2730
,2730
,2620
,3120
,2660
,2760
,3280
,3010
,2760
,2790
,2690
,2550
,2350
,2690
,2530
,6050
,4430
,2950
,960
,2990
,780
,10170
,3220
,3180
,2700
,2730
,2840
,2560
,7790
,4540
,2450
,2750
,3000
,2850
,2590
,2880
,2800
,3740
,1950
,1610
,1600
,5500
,5640
,2870
,2580
,2450
,2590
,8360
,2760
,2860
,2750
,2550
,2680
,2600
,2580
,2710
,2740
,2660
,5720
,3620
,10910
,2750
,3030
,2720
,2880
,2690
,2610
,2910
,2780
,2930
,2950
,2880
,2990
,2970
,2970
,2800
,2980
,2880
,2800
,8060
,4360
,7630
,2670
,2570
,2570
,2780
,2580
,2800
,2780
,3170
,2800
,2960
,3960
,1800
,2560
,2660
,2690
,2920
,2600
,8470
,13400
,3290
,2720
,2660
,2860
,2730
,2860
,2680
,2830
,2840
,2570
,2660
,2890
,2850
,2560
,2960
,2610
,2820
,2720
,2900
,2810
,2690
,2940
,3450
,4950
,2960
,3020
,2740
,2980
,2790
,2550
,2860
,2880
,2720
,2850
,2660
,2230
,1880
,2700
,2760
,2690
,3000
,2890
,2950
,2610
,2840
,2680
,2780
,2700
,2770
,3110
,3030
,3110
,3080
,2950
,2690
,2460
,2380
,5040
,7650
,4260
,2720
,2550
,2540
,2560
,2550
,2700
,2530
,2820
,2850
,2740
,2910
,2910
,2720
,2700
,2780
,2580
,3820
,2420
,2500
,2750
,2730
,2740
,2570
,2780
,2650
,2330
,2590
,2660
,2600
,2760
,2560
,2970
,2520
,2700
,2360
,2590
,2840
,2440
,2630
,4410
,13860
,920
,4590
,5670
,5500
,12600
,1850
,1200
,2610
,2550
,3090
,2990
,2740
,2810
,2960
,2820
,2870
,3070
,2940
,1130
,1520
,1350
,1740
,1700
,2530
,2800
,2500
,2820
,2870
,6330
,3560
,3450
,3060
,3320
,3130
,2750
,2900
,2720
,2940
,2840
,2960
,3130
,2980
,2480
,3050
,2590
,2940
,2680
,2650
,3060
,2970
,2810
,2890
,2920
,2750
,2860
,2800
,2760
,3140
,2780
,3320
,3070
,5370
,2840
,1000
,2850
,1320
,2700
,2970
,2910
,2990
,2640
,3000
,3090
,3220
,3130
,2790
,2900
,2690
,2970
,3070
,2720
,2980
,2540
,2990
,2570
,2430
,2710
,2650
,2840
,2550
,2740
,2870
,2950
,2900
,3140
,3080
,1460
,4220
,4070
,9530
,3190
,2910
,2680
,2570
,2650
,2600
,2840
,2310
,2470
,2580
,2530
,2920
,2410
,2770
,3100
,2750
,2700
,5360
,7220
,2810
,3080
,3350
,3090
,2960
,2800
,2710
,2840
,2720
,2590
,2990
,2980
,2960
,2570
,2640
,2650
,2590
,2570
,2950
,2870
,2530
,2660
,6220
,3930
,6210
,3190
,2790
,3290
,3510
,2160
,1510
,2570
,2520
,2580
,2510
,3730
,4470
,3710
,5000
,1500
,2730
,2830
,2950
,2560
,2760
,3070
,2880
,2670
,5340
,2350
,11580
,2520
,2810
,2750
,3460
,3350
,3000
,2040
,2880
,2770
,2760
,2820
,2820
,2650
,3020
,6100
,2110
,2780
,2580
,3090
,2870
,2990
,2870
,2950
,2950
,2590
,2530
,2650
,2330
,2750
,2710
,3120
,3050
,3450
,5830
,2750
,4190
,3210
,3210
,2980
,2810
,2680
,2860
,2700
,2920
,2960
,4140
,1580
,2770
,2670
,2920
,2790
,2880
,2760
,2670
,2630
,2520
,2730
,8950
,890
,3010
,2740
,2930
,3140
,2420
,3070
,2940
,3020
,3220
,3930
,1440
,2440
,2910
,2730
,4590
,1200
,2900
,2590
,2890
,2540
,3890
,1350
,3310
,3220
,3290
,3070
,2780
,2680
,2830
,2870
,2580
,2730
,2360
,2630
,1670
,1650
,3010
,2650
,7710
,20770
,2810
,2730
,3020
,2760
,2710
,3250
,2670
,2890
,2970
,3010
,3180
,2700
,3090
,3080
,2450
,2790
,2410
,2770
,2560
,2690
,2870
,2580
,3190
,2100
,5050
,4900
,3680
,9270
,3710
,5520
,2600
,2570
,6770
,2510
,2350
,3160
,3420
,3060
,3100
,2640
,2680
,2570
,2710
,2410
,2690
,2870
,2870
,2930
,2750
,2820
,2790
,2770
,3160
,2980
,2970
,2840
,2720
,2560
,2410
,4280
,1510
,2880
,3420
,3570
,2450
,2500
,3580
,670
,2100
,3190
,1220
,4320
,2630
,4310
,2730
,3990
,2900
,3190
,2250
,2770
,3050
,2740
,2590
,3100
,2500
,3000
,14590
,5140
,2650
,2860
,3150
,2810
,2700
,1050
,2170
,2760
,3030
,2850
,2420
,2690
,2550
,2530
,2940
,2500
,2720
,2710
,2470
,2590
,2910
,2750
,2730
,2710
,2590
,3010
,2690
,2290
,2570
,2500
,2420
,3120
,2470
,2930
,2720
,2990
,3050
,3630
,2820
,2710
,6170
,5250
,3130
,2700
,2870
,2720
,2710
,2710
,2680
,2400
,2380
,2570
,2740
,4570
,2870
,2570
,2920
,2790
,2390
,2420
,2770
,2570
,2880
,2540
,2630
,2700
,2520
,2830
,2440
,2350
,2380
,2960
,2560
,2960
,3010
,2450
,2580
,3080
,2710
,2520
,2440
,2540
,2510
,2610
,5530
,2710
,2340
,2400
,2370
,2620
,3050
,3020
,3140
,3220
,2910
,9250
,3100
,2040
,2410
,2610
,2870
,2300
,3730
,1710
,2290
,3210
,3190
,9350
,1830
,6530
,10690
,2860
,2820
,3210
,2810
,3360
,2050
,2940
,2860
,2740
,2740
,2720
,2440
,2620
,2710
,2890
,2850
,2510
,3200
,3700
,15810
,1020
,1110
,2350
,3140
,3640
,1510
,6580
,4490
,1230
,1040
,670
,2610
,3410
,720
,1530
,2560
,9350
,870
,3990
,2190
,590
,4660
,8510
,5450
,3250
,2880
,2720
,2200
,2150
,2510
,2740
,2890
,2760
,2750
,2440
,2550
,3100
,3270
,2460
,2150
,2000
,2420
,2680
,2300
,2280
,11560
,4990
,2480
,1690
,780
,1770
,4970
,2770
,4690
,21080
,3220
,2710
,2980
,3270
,3730
,3340
,2470
,2820
,2590
,2590
,2250
,2300
,2550
,2500
,2170
,3690
,2350
,2830
,2680
,2640
,2680
,1450
,1860
,5940
,2470
,7830
,2170
,6530
,8210
,2870
,2770
,2630
,2460
,2080
,2580
,2880
,2860
,2750
,2950
,2040
,2640
,1670
,2060
,5650
,3580
,1300
,5000
,3860
,6080
,1290
,4580
,2480
,2920
,2440
,2270
,2380
,2870
,2490
,2830
,2730
,2720
,2810
,2270
,2280
,2880
,8510
,7170
,930
,9530
,4790
,2990
,5380
,1550
,1870
,1870
,1690
,2310
,3570
,4730
,4330
,3590
,4640
,2070
,1400
,4480
,1630
,4780
,6260
,970
,960
,2390
,9370
,2630
,2990
,2770
,2450
,2700
,2920
,2590
,2110
,2580
,3220
,3160
,3250
,4800
,7570
,3200
,3090
,3960
,3560
,2720
,3200
,2780
,3110
,3240
,2870
,3300
,1090
,1070
,1910
,2190
,2230
,1350
,3250
,2190
,3460
,1120
,1780
,3690
,1550
,1190
,2330
,4960
,6790
,2990
,2550
,4250
,9400
,3390
,3060
,2600
,2770
,3030
,2760
,3190
,2880
,3130
,2590
,2730
,2710
,2780
,3060
,3030
,3070
,2720
,2860
,2850
,2970
,3250
,2730
,2720
,2870
,2840
,2610
,3130
,2770
,2680
,2940
,2680
,3190
,2970
,2910
,3070
,2850
,2850
,3120
,3180
,2860
,2890
,3030
,3090
,3150
,2860
,3090
,3010
,3060
,2920
,2850
,2560
,5340
,5750
,2690
,2660
,2480
,2510
,2750
,2590
,2630
,2390
,2800
,2730
,2600
,2330
,2550
,2930
,5360
,2490
,2360
,2540
,2570
,2850
,3230
,2740
,2650
,2730
,2610
,2830
,2750
,2760
,2670
,3830
,6880
,2910
,2530
,2400
,2390
,2690
,2370
,2700
,2550
,2190
,2800
,4440
,3080
,2330
,1930
,2560
,2800
,2420
,3280
,4600
,3170
,2610
,2800
,2230
,2870
,2610
,1570
,600
,4220
,2120
,5830
,1320
,1110
,2230
,2430
,3370
,3040
,2900
,2950
,2820
,3050
,3120
,3040
,2230
,7660
,1800
,3410
,2780
,1370
,4930
,3510
,18790
,2510
,4620
,11030
,6170
,6370
,8880
,2470
,2430
,1960
,1090
,2380
,13810
,3530
,1730
,3020
,2140
,2200
,1700
,3150
,3040
,2950
,1110
,1900
,4100
,3090
,5670
,6700
,5090
,1960
,1740
,730
,1920
,4440
,13120
,1900
,1260
,3580
,5670
,1980
,4110
,1280
,3810
,1280
,16450
,3030
,6200
,17230
,1020
,960
,5300
,3700
,780
,830
,1770
,3550
,4430
,3400
,5740
,5700
,5150
,3740
,3230
,4120
,2230
,4640
,7760
,3130
,670
,18530
,720
,3910
,3350
,1220
,3370
,3660
,2160
,3790
,1460
,2300
,2200
,2500
,2070
,10810
,1080
,710
,5580
,2370
,4460
,730
,9400
,1310
,2380
,3000
,1350
,6260
,3950
,5950
,6390
,5000
,7630
,770
,3630
,17450
,2690
,7020
,10190
,1210
,2200
,2870
,2350
,1830
,2810
,3780
,3840
,4190
,4460
,2270
,5920
,2990
,4790
,6470
,760
,980
,2690
,1720
,1580
,4520
,3150
,2970
,3130
,1380
,780
,3000
,2130
,3560
,6640
,7230
,1900
,1850
,7850
,1890
,3630
,1510
,5220
,5140
,1440
,5250
,1450
,3900
,7080
,2610
,1190
,1150
,3870
,11280
,5010
,3230
,5130
,6270
,4520
,6800
,1390
,6330
,3800
,3420
,18200
,3390
,5540
,6130
,3040
,1700
,1180
,14360
,3340
,1300
,1710
,5860
,4730
,7090
,1760
,5600
,12320
,3170
,1840
,4590
,15370
,5140
,3330
,2210
,1360
,1330
,2930
,4290
,3370
,2050
,1310
,1150
,1660
,7350
,1790
,1740
,1960
,7080
,2110
,3480
,10060
,2930
,3670
,2370
,2340
,5710
,700
,1810
,1810
,4650
,1610
,1840
,1000
,2310
,3500
,7730
,6330
,6300
,1670
,780
,4530
,1080
,4520
,6860
,6050
,3180
,2220
,5880
,2010
,3900
,2600
,6140
,3650
,6730
,1350
,4360
,10680
,19990
,7410
,1890
,4910
,4580
,3570
,1930
,640
,2880
,1400
,1010
,1370
,4310
,3810
,1620
,6040
,4700
,9200
,2900
,2160
,1120
,4430
,3590
,5640
,4680
,8090
,2610
,3610
,2720
,2340
,590
,6850
,3440
,2820
,6690
,7220
,8850
,650
,4790
,1610
,9150
,4430
,2550
,7360
,11700
,3790
,1270
,2260
,2920
,4610
,2190
,2080
,1280
,6140
,3630
,1570
,3690
,2970
,1020
,4760
,5390
,2430
,13390
,1450
,2480
,2400
,2550
,2580
,1780
,930
,900
,1630
,2270
,4040
,2590
,2780
,2120
,2550
,2570
,2340
,2310
,2090
,2500
,2380
,2910
,3050
,3280
,2750
,2590
,2790
,2790
,2960
,2930
,2510
,2480
,1920
,1510
,2850
,2890
,3270
,2400
,3770
,3350
,2890
,2680
,2920
,7500
,4620
,7510
,5030
,1960
,2550
,5840
,2420
,3300
,2040
,1550
,1400
,2430
,2870
,1150
,4300
,2780
,2410
,760
,2310
,2110
,2500
,2320
,2630
,1480
,1770
,2450
,2590
,4200
,1190
,5380
,2530
,1970
,12510
,3170
,2590
,2810
,2370
,2250
,2330
,2240
,2030
,2340
,2640
,1810
,4130
,2230
,5020
,2910
,2660
,2690
,2160
,2170
,950
,1860
,1590
,1430
,2560
,2670
,2350
,2310
,2230
,2660
,2930
,2470
,2310
,2580
,4120
,7940
,1070
,5910
,2770
,4220
,1650
,3760
,3360
,2290
,2690
,2340
,2810
,1620
,4650
,4370
,1300
,2910
,1210
,3940
,5650
,3300
,9410
,4270
,2210
,2850
,5990
,2590
,1410
,3220
,770
,1420
,920
,7660
,2220
,1310
,9830
,2080
,2230
,2260
,5670
,4640
,5250
,8980
,920
,10010
,2070
,1710
,10610
,4330
,2250
,4820
,9710
,3630
,1100
,1320
,1780
,3370
,2670
,3870
,4280
,4050
,3100
,2380
,2410
,3240
,1350
,2100
,3410
,2670
,6880
,2530
,2470
,4580
,1570
,2950
,710
,5270
,6190
,5850
,4250
,7930
,2570
,2910
,2230
,13350
,8160
,1460
,3760
,3350
,9260
,1610
,720
,5960
,3280
,8450
,6000
,3790
,1910
,3780
,5430
,9580
,2490
,2150
,2230
,1920
,6240
,1110
,2160
,1670
,9340
,6050
,1480
,1630
,2330
,2010
,3670
,2330
,2480
,2400
,6410
,2500
,3640
,2190
,3050
,2000
,1550
,1470
,2430
,2570
,2520
,2100
,2770
,2540
,2580
,2380
,2860
,2330
,2780
,2800
,2430
,2770
,3570
,2130
,2450
,1820
,1760
,1810
,1700
,11250
,8320
,11750
,3300
,990
,1010
,2190
,10570
,3450
,2260
,3060
,4940
,8830
,730
,2770
,870
,1060
,4050
,1180
,18040
,3420
,4640
,3820
,720
,1920
,580
,2440
,3360
,4250
,4530
,2460
,800
,1570
,1050
,2280
,2670
,2370
,2950
,2160
,1820
,2720
,2470
,2500
,2640
,2770
,1470
,2130
,2380
,680
,4310
,13050
,4580
,2420
,2100
,750
,2580
,4290
,2950
,6180
,580
,1710
,3890
,4700
,710
,1120
,1620
,3970
,4440
,4330
,1400
,9430
,5380
,6010
,3670
,1520
,2890
,2750
,2600
,2190
,3450
,3000
,10070
,9200
,3070
,2720
,2580
,2600
,2770
,2360
,1260
,1080
,2750
,2770
,8970
,7920
,12750
,1800
,4750
,5480
,4860
,4140
,2550
,2220
,6260
,4030
,7620
,3080
,2040
,2890
,2660
,3310
,2200
,2350
,4340
,2610
,880
,2870
,2560
,2730
,3010
,2770
,2480
,2580
,2760
,2600
,2800
,6680
,6800
,2720
,2750
,2140
,2400
,2290
,4710
,9610
,4590
,2660
,3150
,2900
,2270
,2360
,2570
,2350
,5670
,3570
,4820
,4090
,10120
,9290
,6610
,2500
,3480
,1870
,4540
,9060
,7130
,530
,12020
,3510
,3510
,2160
,3810
,6510
,3430
,3940
,4020
,3940
,5650
,3810
,1900
,1730
,900
,12480
,1500
,3090
,1570
,4930
,4340
,7760
,1970
,5370
,2670
,3040
,860
,4160
,5980
,21390
,1830
,4180
,2910
,4470
,2980
,2540
,3330
,2310
,1010
,2470
,2820
,2980
,3010
,1180
,6810
,1620
,3760
,3150
,4690
,4130
,7710
,12650
,8790
,3630
,1440
,1590
,5680
,6140
,3030
,4290
,3300
,1530
,3550
,6380
,3880
,2260
,2350
,1560
,2850
,660
,2730
,2570
,880
,4950
,16250
,2670
,1840
,3960
,3290
,8250
,2440
,1780
,4450
,5110
,4960
,4000
,5750
,13360
,1960
,1060
,7670
,1000
,2140
,2520
,8950
,2500
,7990
,7830
,4220
,2870
,1320
,7520
,2310
,5520
,7050
,6230
,2220
,11000
,2130
,3310
,1470
,2160
,1100
,9530
,10000
,2050
,3000
,2450
,3870
,4810
,1050
,3380
,2720
,890
,10730
,4800
,1670
,10280
,7760
,1680
,2010
,2050
,4230
,6320
,9070
,2630
,4370
,1150
,2920
,2610
,2790
,2550
,2410
,2460
,3770
,1170
,9310
,5270
,3390
,3250
,1620
,2270
,3480
,6000
,2340
,5030
,5690
,4770
,3290
,1200
,4220
,3940
,1770
,1780
,6010
,3850
,8650
,3050
,3350
,2290
,2150
,8860
,1970
,2910
,4490
,2250
,900
,2420
,4410
,1910
,2970
,2810
,1680
,2150
,1200
,6960
,2560
,3320
,1730
,1490
,2390
,850
,1110
,2050
,3840
,1930
,2200
,2540
,4490
,920
,3590
,1910
,2060
,770
,1200
,2210
,860
,1900
,6760
,4380
,2470
,1130
,1400
,10050
,6260
,4060
,3170
,3500
,3770
,4090
,1230
,7410
,6560
,5060
,8380
,17340
,2570
,3070
,1910
,15380
,3130
,2890
,3070
,3040
,2650
,7450
,3370
,4780
,1170
,3030
,990
,7580
,270
,1460
,4000
,6790
,2110
,1350
,3790
,400
,10120
,7590
,6870
,2380
,760
,1240
,4270
,1530
,5070
,2290
,5420
,2360
,4350
,7320
,4490
,5530
,3530
,6990
,1770
,2040
,1300
,3700
,4490
,2990
,3880
,2400
,1290
,2270
,3420
,1950
,2010
,3420
,1810
,6070
,3520
,1770
,1060
,4260
,1110
,1020
,2880
,3920
,4620
,5420
,2160
,1700
,5490
,1050
,3410
,1280
,2330
,1180
,1430
,2140
,4170
,1430
,1610
,1540
,4830
,1530
,3990
,610
,1240
,470
,1780
,650
,640
,1130
,620
,1500
,3670
,1660
,4030
,3980
,3130
,3120
,2280
,960
,3160
,2650
,2200
,1280
,1700
,2890
,2250
,1620
,3720
,3400
,870
,1210
,4320
,2010
,2290
,4720
,4270
,980
,3790
,1240
,1240
,3750
,1530
,930
,1070
,2170
,990
,4420
,1900
,1200
,6120
,1690
,4000
,4550
,1630
,3280
,5180
,2530
,1580
,1990
,980
,4470
,13170
,1540
,1390
,2850
,3000
,4640
,2470
,2380
,2170
,2320
,2000
,2450
,2120
,2440
,2230
,2360
,2300
,2130
,2440
,2260
,2530
,2480
,2360
,2670
,2380
,2320
,4630
,1930
,2410
,3360
,2070
,2120
,2320
,3930
,1550
,1780
,2130
,2450
,1670
,2050
,2870
,2680
,2080
,4270
,2380
,2390
,2130
,2080
,1970
,1990
,2730
,5920
,1680
,2650
,2980
,2970
,6900
,1700
,1860
,2200
,2450
,2590
,2890
,2310
,2440
,1920
,2650
,12550
,3320
,5390
,3890
,6340
,5540
,1490
,1190
,550
,3460
,3720
,2600
,3610
,520
,3440
,6350
,2620
,1670
,2310
,1410
,5270
,2180
,2220
,1310
,1030
,2570
,2750
,2520
,7900
,570
,12080
,1380
,1870
,9690
,2750
,5240
,8360
,3500
,13790
,2300
,3240
,3030
,3170
,1040
,2730
,2240
,1880
,6810
,3920
,780
,8960
,3140
,2540
,6450
,1640
,2690
,2760
,3420
,2540
,6680
,4560
,4030
,5300
,3280
,2710
,2320
,3670
,15450
,4340
,9920
,2800
,4640
,2850
,2930
,2970
,3400
,2470
,2690
,2800
,2710
,2730
,9490
,2720
,2210
,3610
,2860
,3080
,5220
,2540
,4140
,1980
,3160
,2960
,2930
,3040
,10950
,2900
,4460
,3620
,8110
,6120
,2310
,4750
,2300
,3050
,640
,1170
,2710
,3040
,3090
,670
,450
,1110
,13850
,2240
,2300
,3130
,3760
,2070
,4380
,5770
,11420
,4420
,5830
,8320
,3480
,640
,5520
,2550
,3200
,5560
,960
,1160
,770
,6810
,1660
,6720
,1040
,10110
,2890
,1280
,5480
,16190
,3060
,4280
,1290
,2000
,1930
,2570
,2330
,2580
,3830
,3080
,2480
,2390
,2160
,2370
,1850
,2500
,6860
,2660
,2330
,4490
,1790
,6790
,2740
,2900
,1970
,760
,930
,3000
,3920
,3040
,520
,4150
,3240
,3450
,4440
,6570
,2100
,1550
,3000
,2660
,7750
,2400
,4410
,2140
,5090
,1810
,1040
,3450
,1730
,3530
,2690
,3220
,1080
,4160
,2000
,1930
,2150
,1850
,2680
,920
,4680
,2510
,2070
,2230
,7340
,2310
,1980
,1500
,2140
,2140
,4410
,2580
,3690
,3840
,2170
,1760
,1810
,3600
,1730
,510
,1260
,1970
,3450
,910
,940
,1260
,1050
,1390
,900
,1090
,3440
,4070
,11890
,2460
,5880
,3230
,870
,3530
,770
,1420
,950
,1480
,920
,3900
,810
,3520
,2450
,1710
,6170
,660
,9530
,2310
,660
,1270
,3180
,1200
,3040
,2310
,7020
,4460
,4780
,4440
,4370
,1320
,940
,5250
,1850
,4930
,1060
,1730
,1420
,2080
,2350
,3170
,2900
,1220
,3530
,3880
,2300
,1790
,950
,1070
,1770
,2720
,3510
,2930
,1740
,5410
,4270
,3100
,4490
,6640
,2130
,3070
,3160
,2070
,2800
,4300
,1260
,14200
,7150
,1980
,890
,1910
,3790
,8960
,2680
,6250
,970
,14280
,950
,5140
,1050
,1850
,10570
,3570
,2070
,1390
,3440
,2900
,3680
,2200
,1650
,1410
,1610
,8790
,3770
,580
,9210
,1590
,1140
,1850
,1270
,520
,1150
,6990
,2950
,3100
,2770
,2050
,2180
,3280
,3370
,1980
,1940
,3320
,1420
,1450
,900
,940
,590
,1280
,3010
,2640
,3290
,5230
,1180
,2950
,560
,1980
,580
,2620
,3700
,7650
,3060
,2190
,2330
,1560
,1720
,2110
,660
,3990
,2140
,6670
,13570
,900
,5150
,5070
,2160
,3950
,1240
,2220
,2860
,3340
,3930
,6730
,820
,1710
,4540
,1660
,900
,8410
,1880
,7060
,2440
,2910
,3900
,1420
,960
,740
,9320
,1470
,9690
,1360
,6040
,1170
,5200
,6050
,4050
,3440
,9390
,3300
,1990
,7010
,660
,4600
,8350
,1590
,3740
,13660
,2040
,1580
,2150
,2930
,3200
,3740
,1500
,970
,6370
,6910
,3520
,1520
,2700
,2040
,1460
,5900
,7600
,2980
,4220
,4020
,5390
,10420
,2100
,3610
,5480
,4340
,5140
,3840
,4900
,6580
,2160
,7000
,8830
,13440
,2310
,1090
,1080
,650
,1810
,1020
,1670
,630
,840
,1850
,1760
,6020
,2980
,4340
,1400
,3710
,1810
,4310
,7670
,6110
,1040
,2110
,830
,2020
,12020
,610
,6680
,2160
,880
,1390
,5580
,1920
,9620
,880
,6290
,790
,7440
,2250
,3290
,4310
,6420
,10390
,6280
,3320
,2930
,3580
,2680
,5180
,2630
,2190
,2430
,3270
,2460
,1070
,3910
,3030
,8140
,1140
,1720
,6800
,3390
,1670
,1170
,7840
,1370
,9840
,5860
,2530
,2010
,2600
,1090
,2300
,3390
,2980
,3060
,980
,890
,690
,1930
,1750
,3380
,900
,1350
,870
,2040
,2010
,1870
,670
,4440
,2070
,4090
,3030
,3350
,1550
,3890
,2940
,4190
,3760
,2890
,1140
,1490
,1970
,2940
,1210
,1710
,1350
,1160
,2090
,2520
,1480
,2590
,1550
,2710
,1240
,540
,640
,620
,600
,640
,1310
,1510
,2880
,1560
,1810
,1650
,2370
,7960
,1290
,4260
,1020
,1630
,1400
,680
,700
,690
,600
,2840
,1160
,1540
,3170
,1490
,1600
,1490
,1470
,1470
,1500
,1310
,1270
,950
,670
,1330
,1260
,1330
,1450
,4080
,2690
,1270
,1520
,4940
,2170
,5210
,1550
,1270
,1430
,4880
,1370
,1860
,810
,1670
,1630
,1570
,1680
,1650
,710
,780
,1450
,1680
,1440
,2270
,1040
,650
,830
,1070
,1210
,1250
,1050
,1160
,1260
,500
,680
,1310
,1270
,1900
,1690
,710
,1260
,1290
,1340
,1510
,1400
,2770
,1760
,2110
,980
,980
,600
,580
,710
,1270
,1650
,930
,600
,1000
,870
,1610
,1270
,4040
,2140
,7180
,2770
,1330
,3420
,4670
,840
,950
,1020
,2460
,3180
,1410
,2170
,1370
,7330
,1180
,2150
,4660
,2130
,4860
,1180
,2560
,1680
,1090
,1460
,1270
,1380
,980
,2990
,9840
,7170
,2330
,1390
,1240
,2660
,1630
,870
,3510
,2200
,1390
,1870
,4130
,1130
,1280
,2000
,4380
,2980
,2410
,1240
,990
,1070
,2400
,4670
,3080
,3420
,2340
,4950
,2040
,1340
,3370
,3800
,1860
,6470
,2840
,1460
,6040
,1110
,2130
,1990
,1630
,1020
,2620
,2500
,1170
,1190
,1060
,1650
,20540
,2520
,2450
,2740
,2540
,2430
,4660
,2460
,2720
,5640
,3570
,1340
,1990
,4770
,8940
,2850
,1270
,3260
,1950
,980
,2630
,1370
,1920
,1410
,2970
,3850
,3510
,2270
,2990
,4040
,2000
,1270
,1250
,1480
,610
,590
,1700
,3740
,1390
,2690
,2530
,940
,2940
,1360
,1630
,1150
,3640
,1480
,2890
,650
,1080
,1080
,1160
,1180
,1140
,620
,650
,1230
,1840
,1790
,1900
,1150
,1250
,860
,650
,1390
,8540
,2290
,3470
,3090
,2060
,4800
,1930
,5620
,2430
,1100
,5790
,1350
,870
,3230
,1210
,1140
,1190
,590
,560
,1240
,1280
,730
,650
,1300
,3030
,1270
,420
,4660
,2020
,2450
,3250
,3040
,2720
,3980
,1180
,1180
,590
,2150
,5780
,3350
,2480
,550
,2650
,2650
,4100
,4790
,3190
,1260
,2350
,3540
,1220
,2330
,3050
,1170
,5310
,660
,4000
,4490
,2000
,3250
,1600
,2050
,1240
,2290
,5300
,4260
,5030
,4160
,1580
,1070
,4250
,4250
,680
,1860
,1100
,1150
,1240
,450
,2530
,1770
,1140
,2150
,1850
,1540
,3930
,2200
,1600
,1770
,2270
,2200
,1230
,2030
,3350
,2030
,3540
,1500
,2930
,3820
,2790
,2450
,540
,1540
,1040
,5620
,4630
,1820
,1370
,2280
,10380
,5850
,1820
,9480
,1180
,1140
,1130
,610
,670
,3470
,1200
,1110
,1120
,1350
,1180
,1210
,470
,700
,1250
,1100
,1240
,1240
,1210
,1210
,1140
,1210
,1350
,1060
,1150
,1200
,1250
,1190
,1240
,1150
,1210
,1260
,560
,580
,1300
,2410
,1180
,590
,1810
,1220
,1240
,1160
,3130
,7910
,1700
,2220
,3810
,1380
,9440
,570
,3250
,3240
,1110
,1740
,4860
,9200
,1970
,2150
,2970
,4990
,2070
,4660
,1410
,8700
,6680
,4680
,4170
,5900
,2800
,9430
,1460
,2030
,1800
,2010
,450
,2500
,4070
,4350
,2870
,5430
,8020
,5420
,1100
,2510
,1590
,2260
,1320
,1320
,3540
,1860
,1780
,1210
,1370
,1180
,820
,1430
,1370
,1350
,1290
,2130
,2280
,2410
,1150
,1250
,880
,1100
,5570
,2430
,1200
,1490
,890
,2160
,1180
,1370
,2090
,1290
,2280
,1080
,3310
,1130
,1450
,1950
,2360
,1370
,2190
,6770
,970
,2560
,3440
,930
,1340
,950
,2460
,1020
,2510
,1160
,2170
,1390
,1020
,4790
,1860
,6190
,1280
,2050
,3500
,1090
,1350
,1120
,1150
,2150
,3220
,3460
,2450
,1210
,1290
,5750
,3450
,7800
,2420
,4400
,8200
,4230
,8880
,880
,9020
,1840
,1280
,1420
,1030
,2710
,1560
,1300
,2340
,2120
,2740
,1340
,1480
,8750
,9640
,2620
,2850
,2330
,2820
,2650
,5460
,5520
,1200
,940
,710
,7630
,680
,5790
,1820
,1530
,8800
,2670
,1940
,780
,5890
,1700
,2290
,1350
,2770
,8480
,1860
,2300
,2500
,2400
,10060
,4400
,1470
,1980
,2460
,4840
,1940
,640
,1760
,2390
,590
,1700
,2630
,1280
,1070
,6780
,2460
,13490
,2000
,5850
,3960
,4340
,16960
,5920
,1130
,4580
,12600
,2200
,2580
,2650
,3170
,2120
,2530
,1990
,7600
,2200
,2700
,2600
,3200
,2510
,3600
,1360
,2460
,3010
,2720
,2250
,2760
,3020
,1330
,3020
,5620
,13780
,1710
,9950
,7450
,11150
,1250
,2680
,4310
,4600
,5360
,2840
,6750
,1510
,1490
,1760
,4020
,1920
,6490
,2030
,1750
,2430
,1960
,1400
,2220
,2860
,5060
,3750
,1600
,6860
,1570
,2530
,5130
,3010
,2360
,1430
,6420
,3940
,510
,4100
,2620
,2650
,3250
,1740
,2550
,7220
,3020
,3460
,960
,5540
,3020
,7010
,5070
,6370
,2540
,5120
,2590
,7930
,3480
,2310
,5620
,7220
,6910
,9530
,1900
,2560
,690
,3490
,11570
,1890
,11930
,2610
,2430
,1520
,8970
,1240
,2080
,9400
,1310
,1260
,1930
,6300
,4560
,730
,5100
,4580
,8450
,2120
,3790
,2400
,2220
,4010
,2520
,2730
,4880
,4860
,1390
,4870
,6760
,7390
,2750
,520
,2730
,8530
,440
,14460
,2830
,2780
,4280
,4070
,2390
,5730
,9820
,3970
,2160
,1690
,530
,8970
,3570
,2180
,3460
,6080
,5560
,1080
,2760
,5410
,2970
,6130
,2090
,1100
,1190
,1400
,4010
,670
,3200
,1510
,1140
,3850
,2050
,3640
,3320
,2370
,2540
,2270
,2780
,3640
,5280
,1740
,2640
,6110
,2200
,1500
,2300
,1430
,1000
,680
,2490
,1330
,1240
,5760
,3890
,2610
,6940
,1510
,1550
,1720
,6660
,1740
,16870
,2930
,580
,940
,700
,7800
,1060
,4010
,830
,400
,1170
,1690
,1330
,5160
,4700
,970
,1620
,7280
,680
,3550
,2930
,3200
,2190
,2380
,3710
,1560
,1140
,1920
,3540
,5770
,2320
,1480
,4840
,8610
,3610
,1460
,3070
,1390
,5030
,3710
,4760
,3840
,900
,2170
,5730
,4520
,1600
,3760
,1100
,12470
,6510
,9610
,5840
,820
,860
,700
,2790
,1010
,1580
,6070
,2980
,9770
,680
,530
,560
,1200
,380
,620
,2120
,5090
,3330
,5070
,3250
,1120
,3430
,3100
,2070
,3540
,1020
,3350
,6200
,6170
,6540
,650
,1740
,1010
,1490
,2690
,3110
,2050
,3430
,920
,10970
,4160
,4990
,7100
,13520
,1630
,2450
,2960
,4350
,11640
,1700
,3570
,1000
,1130
,740
,590
,4520
,1370
,1630
,5660
,1220
,2680
,930
,3120
,7550
,820
,3740
,4130
,6120
,2010
,4160
,2550
,1070
,1060
,1030
,4190
,4870
,2590
,2900
,1800
,3380
,7600
,1810
,1820
,610
,6580
,2710
,780
,8400
,7460
,1360
,4980
,1420
,3240
,3030
,4070
,3340
,2470
,5210
,820
,10470
,1780
,4020
,1850
,13170
,2190
,3520
,6270
,2440
,4680
,5870
,8780
,2500
,4840
,2410
,2290
,4870
,3050
,4650
,1320
,3680
,4130
,3380
,2390
,2150
,3020
,1950
,3660
,6520
,3460
,2090
,1760
,4900
,1760
,3150
,2900
,3570
,2570
,890
,3140
,2160
,2550
,1040
,2420
,2410
,1910
,3420
,1800
,3000
,4850
,5100
,5680
,3450
,5060
,18250
,17220
,3710
,5340
,8240
,2270
,4060
,7310
,13210
,2840
,1930
,21650
,1250
,2120
,1730
,3320
,2730
,3350
,2030
,3230
,3260
,2030
,2660
,3080
,6740
,2540
,3280
,2440
,4280
,8670
,1640
,5290
,4650
,3150
,1940
,5630
,1010
,6170
,2710
,2220
,10380
,1200
,790
,1540
,16940
,460
,8550
,2930
,2230
,1640
,12380
,7380
,4860
,1860
,3700
,1340
,9840
,3250
,1220
,1330
,940
,1720
,11500
,8490
,1860
,1070
,8130
,5110
,3910
,2610
,2540
,3040
,1980
,3460
,4050
,2530
,5970
,6820
,2600
,5680
,4560
,4290
,7780
,1650
,11480
,4800
,10990
,3820
,2080
,2220
,2690
,2180
,2160
,2000
,3510
,1530
,2650
,8240
,3020
,1720
,6680
,7390
,6190
,2790
,980
,2760
,2660
,1150
,1710
,5510
,980
,700
,7820
,1460
,2350
,7470
,2960
,9250
,1640
,4120
,2700
,1450
,2260
,5100
,5850
,4240
,6690
,12240
,2080
,2620
,8930
,7500
,3060
,3390
,5730
,1050
,1700
,2650
,2020
,10210
,7800
,2480
,2580
,2390
,2150
,2340
,2210
,3320
,12650
,5380
,5440
,1140
,2890
,1010
,4770
,2670
,1580
,3910
,2490
,3900
,1940
,7180
,3930
,5000
,4280
,5910
,3400
,2210
,2600
,4470
,9160
,2720
,1600
,990
,880
,4960
,1960
,11730
,6310
,1590
,1180
,5280
,10430
,3180
,3310
,3560
,2210
,1720
,9710
,6280
,2110
,710
,1720
,1430
,3550
,3040
,530
,26490
,6930
,10140
,1280
,14710
,2240
,7990
,2310
,2270
,2570
,3660
,4530
,1750
,3070
,5540
,14820
,3540
,1760
,2740
,4980
,4960
,810
,830
,2880
,1390
,3090
,4090
,3930
,11500
,3290
,5240
,2030
,830
,5650
,800
,2870
,8960
,3240
,370
,2270
,11400
,2280
,4830
,2800
,3650
,3620
,7300
,8710
,5160
,2400
,1540
,2210
,2530
,2350
,2170
,2360
,6360
,2940
,4190
,3590
,2970
,1480
,2440
,3550
,6140
,8560
,3980
,10150
,940
,2730
,2630
,9520
,1890
,1410
,2020
,3610
,2100
,22910
,5450
,2650
,5950
,4000
,6230
,4580
,2090
,4760
,3390
,1410
,1750
,3700
,3620
,12160
,910
,3040
,1530
,1650
,930
,1740
,1310
,4440
,4040
,2190
,2190
,2220
,6570
,8610
,940
,14550
,3600
,5860
,3770
,5160
,14110
,1330
,6100
,3780
,2720
,2320
,1880
,7660
,610
,2930
,3300
,4060
,2330
,6380
,1230
,15000
,1770
,4270
,5140
,4080
,7110
,14870
,2170
,6510
,7340
,4720
,13890
,2420
,6940
,3730
,5720
,1010
,1510
,2490
,3470
,13330
,1450
,2280
,7780
,9250
,7420
,2860
,1480
,1790
,7800
,6600
,6390
,10110
,1140
,8290
,4910
,3860
,2180
,12020
,12110
,1480
,3970
,830
,2310
,2640
,7120
,6850
,4800
,1930
,6430
,5200
,5270
,1520
,1040
,2560
,2790
,5350
,1570
,10920
,3460
,4400
,4970
,2270
,7340
,10560
,2070
,9780
,2670
,2430
,3000
,6140
,5970
,950
,720
,560
,3280
,1930
,1200
,1750
,5850
,7690
,1150
,3030
,2500
,2440
,3420
,2760
,4260
,1370
,980
,1010
,7140
,2060
,3890
,3760
,8110
,1020
,4110
,2090
,6810
,880
,7120
,10250
,2540
,2200
,2250
,2260
,2500
,4910
,3290
,1670
,1530
,8180
,5000
,2970
,2500
,2650
,2460
,2230
,2370
,2660
,2460
,2260
,3770
,2040
,2460
,2610
,900
,4140
,2740
,370
,2520
,7960
,1990
,6360
,3930
,6680
,1140
,1910
,4200
,4730
,5980
,15770
,6460
,1260
,3420
,1230
,7290
,1800
,8980
,1180
,2280
,4030
,13580
,3110
,490
,4330
,7190
,8250
,1380
,2810
,1950
,4500
,7870
,10650
,12580
,6130
,3200
,4240
,2650
,6560
,9990
,7700
,7200
,5970
,19490
,8280
,11080
,3700
,2270
,1860
,740
,2460
,3640
,1780
,2930
,4010
,1140
,2560
,3440
,2140
,2600
,9450
,2200
,7740
,620
,580
,1570
,3780
,2440
,5100
,4810
,4600
,1710
,3470
,8790
,9070
,640
,2840
,4240
,14390
,810
,3210
,3320
,6530
,4400
,3230
,2930
,6550
,6470
,2000
,1360
,6340
,12780
,6750
,25480
,6450
,2670
,4170
,6130
,1360
,2030
,5340
,5250
,1300
,11980
,5200
,7850
,7780
,1140
,1610
,1660
,1590
,2220
,1950
,3030
,7070
,2130
,7830
,4770
,1950
,1030
,6150
,5680
,6860
,1320
,1930
,2420
,3610
,6590
,3380
,1820
,1960
,10720
,7360
,1890
,6960
,4800
,1130
,3020
,8050
,1890
,2550
,5270
,8530
,3900
,2810
,5410
,2700
,6010
,1110
,8340
,7360
,2280
,7880
,3660
,4810
,10050
,1440
,930
,1970
,3830
,2220
,4370
,1940
,15040
,1260
,4890
,1750
,8200
,5140
,590
,10290
,1070
,1570
,1320
,1450
,12210
,9260
,1360
,2550
,3130
,7630
,2320
,3860
,10210
,4360
,5960
,16030
,2080
,7160
,2310
,800
,1100
,1740
,2760
,4230
,8350
,9400
,9300
,4900
,9040
,2800
,10950
,840
,7670
,1990
,2790
,2000
,1340
,4740
,13170
,1900
,720
,10050
,7520
,1280
,1360
,9430
,7000
,3160
,1930
,3170
,2580
,2760
,6100
,1180
,1520
,3240
,2010
,1020
,1250
,4120
,10060
,5420
,1260
,10780
,4710
,8280
,1770
,2880
,5760
,1110
,2250
,3380
,2560
,3660
,660
,8080
,1170
,3070
,1340
,4100
,2110
,2410
,5590
,5500
,7120
,6300
,1000
,2370
,3160
,3070
,11950
,7520
,2020
,2120
,9210
,3440
,1800
,9400
,10860
,6060
,14140
,8540
,3570
,4010
,6000
,16160
,2560
,2650
,2740
,2600
,2030
,2360
,2270
,2620
,2780
,2300
,3040
,5120
,4850
,2950
,2790
,2420
,2910
,1770
,2550
,2420
,4170
,3250
,1350
,1680
,5890
,3080
,1620
,9240
,13820
,2540
,1380
,3250
,5620
,2620
,2630
,2530
,2510
,2550
,2740
,2590
,2810
,2890
,2820
,2320
,1040
,3880
,1290
,1240
,7000
,1990
,2810
,2360
,2890
,2950
,3100
,2580
,2740
,1880
,1110
,2170
,620
,3970
,7810
,2750
,11810
,8610
,450
,1950
,1120
,2910
,450
,2480
,3190
,1850
,3530
,670
,1580
,1270
,15340
,14410
,16180
,7230
,1570
,3510
,7730
,4280
,4000
,3520
,600
,640
,3570
,4490
,4340
,1180
,4810
,590
,3530
,410
,1190
,680
,4420
,940
,650
,1750
,1460
,840
,2110
,1320
,3960
,5370
,980
,1090
,5610
,3660
,1690
,4830
,4270
,8770
,1090
,7620
,1100
,1440
,2340
,4100
,11410
,3050
,4360
,4850
,11800
,1920
,4890
,3530
,1710
,2460
,2820
,2070
,5140
,2530
,2200
,5620
,2930
,2550
,3900
,1810
,860
,2020
,2370
,10080
,2600
,2960
,11450
,6490
,13310
,9670
,1090
,3420
,11080
,1600
,4400
,3450
,780
,2400
,2610
,3080
,1540
,2240
,7420
,2150
,2320
,3380
,2850
,2620
,2460
,1830
,2200
,2490
,4480
,4100
,2260
,4490
,2720
,3230
,2270
,2300
,4700
,2120
,2920
,3320
,2340
,5640
,2720
,2700
,3060
,1750
,4790
,2140
,6090
,1920
,4530
,2490
,2520
,4440
,3590
,8460
,3150
,9690
,4480
,2320
,6200
,2570
,4870
,2440
,2610
,3260
,6160
,2500
,2250
,4510
,1830
,2500
,2890
,4170
,2900
,2440
,2250
,6130
,4620
,3720
,2520
,4390
,2450
,2280
,3540
,2830
,3730
,2120
,1690
,2540
,1290
,2340
,5390
,2710
,3580
,3250
,3070
,4610
,3460
,1920
,5990
,960
,1310
,830
,880
,2730
,1830
,4400
,7370
,4230
,6310
,3980
,2260
,1810
,2190
,1880
,1390
,2900
,1820
,2840
,2430
,1910
,1250
,1950
,550
,1210
,570
,860
,3280
,1670
,2460
,1980
,2180
,2550
,1710
,2580
,2650
,2670
,2550
,2290
,2550
,2770
,2510
,2380
,2640
,2470
,2520
,2750
,2770
,2500
,2850
,2460
,1880
,4330
,2490
,2710
,2550
,2740
,2870
,2860
,1840
,3690
,1040
,1960
,1620
,5660
,4910
,2840
,3790
,6510
,2230
,4940
,3280
,1730
,5250
,3190
,4140
,2650
,3230
,960
,2290
,2910
,3330
,4610
,2690
,1630
,9020
,2430
,4910
,2440
,2390
,3110
,3090
,6100
,2570
,2490
,2920
,4850
,2130
,2120
,2120
,2470
,2360
,2700
,2470
,2530
,2170
,2130
,2160
,2340
,2340
,2170
,2430
,2160
,2280
,2370
,2510
,2240
,2550
,2490
,2480
,2890
,2440
,2420
,3690
,2820
,2860
,2650
,2410
,2580
,2310
,2630
,2450
,2390
,2070
,2400
,2740
,2440
,2370
,2400
,2660
,2470
,2350
,2460
,2360
,2560
,2460
,2310
,2670
,2730
,2560
,2590
,2700
,2630
,2770
,3410
,11040
,3230
,3180
,7120
,1830
,5190
,2970
,8530
,2260
,2760
,3000
,3010
,2720
,2840
,3360
,2770
,2410
,2730
,3230
,2580
,2390
,3170
,2170
,2990
,2680
,3180
,2960
,1940
,3570
,1760
,2690
,2260
,2830
,2980
,2600
,2830
,2640
,2370
,2910
,3090
,1720
,2840
,3290
,2700
,2890
,2970
,2740
,2420
,2950
,2320
,2960
,2340
,2690
,2800
,2720
,2990
,3380
,2460
,2440
,2560
,2490
,2510
,2400
,3020
,2940
,2880
,2410
,2730
,2700
,2380
,2680
,2850
,2620
,2240
,8280
,2870
,2090
,3100
,2890
,3220
,3260
,2470
,2920
,5050
,2160
,2670
,2700
,2760
,2410
,2360
,2500
,2770
,3560
,2490
,600
,1220
,4640
,2680
,2630
,2400
,2980
,2600
,2690
,3520
,2360
,2880
,6340
,2880
,2390
,2880
,11260
,8130
,660
,1370
,2850
,3610
,3990
,4570
,1730
,4800
,9980
,3230
,5770
,2420
,2510
,2320
,2880
,2830
,2710
,2510
,2520
,3010
,3130
,3820
,2660
,3200
,2310
,3260
,3190
,2380
,3050
,10840
,3890
,370
,1630
,2260
,1920
,630
,4590
,2180
,520
,1900
,4870
,700
,870
,1830
,1350
,5210
,2280
,560
,22220
,2220
,3160
,5840
,4720
,3910
,1980
,2590
,3570
,2360
,2680
,5640
,3160
,3790
,2170
,2450
,4400
,3230
,2890
,2790
,2350
,3160
,2000
,2670
,2680
,2720
,2470
,2700
,2760
,2940
,2600
,2760
,2670
,2390
,2630
,2430
,2840
,2560
,2640
,2250
,2410
,2910
,2150
,2600
,1990
,2600
,2870
,2480
,2920
,2680
,2470
,2210
,2600
,8020
,2660
,3040
,2870
,2070
,3920
,1890
,2590
,2210
,2360
,2750
,3730
,6140
,10600
,1040
,16090
,8060
,5550
,1410
,1470
,5240
,1680
,1370
,18120
,4710
,28780
,2140
,2000
,1840
,2080
,2300
,2600
,3010
,2730
,2420
,2440
,2190
,2320
,2850
,2650
,3730
,7440
,3410
,2910
,2700
,2340
,2230
,2300
,2340
,2640
,2990
,2840
,2320
,2420
,2770
,2120
,2690
,2450
,2730
,2430
,2500
,2410
,2610
,2470
,2630
,2660
,2810
,2380
,2500
,2670
,2780
,2570
,2120
,2290
,2810
,2500
,2630
,3210
,3310
,2480
,2920
,2360
,2600
,2440
,2570
,2800
,2500
,2490
,2580
,2830
,2320
,2690
,2570
,2500
,2490
,2430
,2460
,2390
,2470
,2480
,2450
,2270
,2530
,2620
,2300
,2600
,4210
,2490
,2360
,2320
,2300
,2780
,3090
,6040
,2260
,3530
,2910
,2870
,1030
,2170
,2850
,3310
,7110
,4180
,2960
,5240
,2830
,2930
,810
,1900
,3270
,2110
,1890
,2760
,2230
,2280
,2870
,2420
,2350
,2470
,2720
,2470
,2450
,2490
,2450
,2550
,2550
,2520
,2390
,2670
,2440
,2550
,2800
,2520
,2260
,2450
,2280
,2420
,1830
,2480
,2580
,2980
,2280
,2500
,2790
,2150
,2310
,2110
,2680
,2310
,2530
,2710
,2070
,2120
,2400
,2510
,2580
,2230
,2460
,2260
,2600
,2700
,2390
,2120
,2340
,2470
,2240
,2170
,2670
,2420
,2300
,2150
,4730
,9190
,2140
,9570
,4890
,3830
,6300
,8830
,3530
,2160
,2680
,1650
,3010
,2900
,3080
,2960
,3210
,2170
,2320
,2260
,2810
,2120
,2300
,2470
,2240
,2530
,2400
,2410
,2730
,2290
,2170
,2190
,2360
,2520
,2540
,2690
,2600
,2400
,2740
,2260
,2240
,2470
,2830
,2970
,2340
,2430
,2520
,2160
,2450
,2330
,2490
,2350
,2500
,2110
,2490
,2370
,2540
,2350
,2390
,2730
,2540
,2570
,2410
,2730
,3320
,2540
,2650
,2740
,2410
,2490
,2390
,2440
,2710
,2540
,2680
,2310
,2540
,2200
,2660
,2620
,2230
,2490
,2620
,2630
,2390
,2550
,2370
,2340
,2720
,2490
,2260
,2500
,2510
,2340
,2540
,2840
,2390
,2730
,2300
,2230
,2800
,2560
,2500
,2340
,2480
,2160
,2230
,2620
,2450
,2500
,2420
,2520
,2420
,2180
,2660
,2630
,2490
,2490
,2670
,3090
,2680
,5450
,1940
,2150
,2790
,2840
,2290
,2500
,2770
,2740
,2950
,2540
,2900
,2510
,2660
,2610
,2610
,2620
,2610
,2410
,2450
,2550
,2480
,2360
,2440
,2300
,2290
,2470
,2550
,2370
,2480
,2540
,2390
,2630
,2460
,2330
,2510
,2440
,2170
,2520
,2480
,2360
,2590
,2610
,2380
,2640
,2980
,2540
,2660
,2960
,2550
,2300
,2470
,2490
,2560
,2500
,2510
,2590
,3100
,2420
,2430
,2570
,2430
,2440
,2410
,2570
,2500
,2550
,2510
,2870
,2710
,2580
,4760
,7120
,2670
,2580
,3030
,2630
,3000
,2780
,2520
,2540
,2350
,2470
,2450
,2320
,2620
,2390
,2610
,2280
,2940
,2540
,2410
,2180
,2610
,2680
,2350
,2540
,2550
,2330
,2360
,2800
,2770
,2590
,2980
,2660
,2570
,2380
,2910
,2460
,2410
,2720
,2790
,2830
,2360
,2370
,2330
,2370
,2600
,2380
,2380
,2530
,2780
,2400
,2730
,2490
,2270
,2620
,2530
,2820
,2440
,2580
,2400
,2330
,2450
,2520
,2790
,2140
,2290
,4420
,2120
,2290
,2370
,2640
,2760
,2290
,2550
,2440
,4950
,2370
,2270
,2500
,2260
,2430
,2300
,2370
,2240
,2490
,2510
,2330
,2200
,2590
,2370
,2520
,2990
,2240
,2560
,2490
,2400
,2350
,2290
,2640
,2470
,2470
,2630
,3080
,6050
,1020
,7550
,2730
,2780
,3150
,1920
,2200
,2420
,2440
,2590
,2610
,2580
,2390
,2850
,2450
,2830
,2410
,2890
,2210
,2690
,2770
,2410
,2430
,2180
,2020
,3090
,6020
,2590
,2690
,3020
,2550
,2870
,7010
,3830
,5910
,3160
,3190
,1370
,1410
,8340
,1840
,730
,960
,11090
,5930
,2110
,3170
,1100
,3860
,12150
,1450
,1430
,490
,3390
,1420
,2050
,3350
,5380
,5160
,2930
,2810
,5880
,6560
,6200
,3590
,3540
,4970
,5160
,8340
,710
,1450
,590
,15310
,4740
,1270
,1300
,2530
,3860
,4510
,2790
,2640
,1250
,5700
,7120
,6990
,7370
,6200
,12490
,640
,2120
,1510
,7490
,600
,1110
,8170
,1050
,920
,1230
,4520
,1410
,6700
,5650
,14710
,3160
,1310
,2440
,4130
,4110
,2310
,4640
,1740
,1900
,5250
,1440
,820
,900
,6850
,9840
,2260
,5910
,9890
,9950
,2850
,3750
,690
,5300
,4200
,2230
,2870
,1600
,1970
,4970
,6390
,2390
,1260
,1000
,680
,2690
,2000
,2640
,2260
,3840
,4600
,6350
,3360
,1650
,850
,1470
,1320
,5680
,2620
,4020
,2750
,5310
,2210
,1690
,2070
,1420
,1260
,2540
,6870
,1790
,2500
,850
,1170
,1870
,3690
,1570
,2310
,1640
,2530
,8690
,510
,1700
,1720
,2740
,1240
,1550
,4170
,2440
,1610
,630
,3470
,1700
,1080
,950
,3530
,3400
,590
,4730
,1400
,5010
,5140
,470
,4330
,12490
,3320
,2970
,1510
,3950
,3790
,9500
,5740
,6780
,2580
,7460
,2100
,2420
,2900
,12590
,2300
,2910
,2450
,2380
,2580
,2660
,2740
,2740
,7280
,2350
,2530
,2520
,2350
,2700
,2390
,2540
,2580
,2380
,2490
,2410
,2500
,2620
,2770
,2420
,2700
,2480
,2400
,2510
,2660
,2550
,2660
,2740
,2550
,7470
,16140
,2740
,5230
,2370
,2420
,2890
,2230
,2990
,2390
,2210
,2450
,2410
,2620
,2460
,2540
,2760
,2710
,2500
,2620
,2440
,2360
,1940
,3100
,2350
,2250
,2640
,2560
,2750
,1960
,2980
,5060
,2640
,1430
,2010
,2280
,2660
,2560
,2550
,2730
,2630
,3080
,2160
,2760
,2360
,2430
,2830
,2430
,2510
,2870
,2300
,2660
,2600
,2490
,2620
,2590
,2570
,2550
,2400
,2470
,2720
,2680
,2430
,2460
,2420
,2960
,2770
,6370
,8310
,2860
,2520
,2680
,2520
,2800
,2100
,2290
,2400
,2820
,2380
,3220
,2170
,2330
,2380
,2270
,2110
,2460
,2400
,2180
,6230
,1990
,6380
,2340
,4650
,1790
,790
,3260
,2350
,2180
,2350
,2640
,2500
,2670
,2550
,2290
,2590
,1580
,860
,2630
,3070
,9450
,2530
,3130
,1890
,2280
,1980
,2370
,2530
,2390
,2390
,2450
,2740
,2510
,2620
,2540
,2510
,2550
,2520
,2520
,2540
,2550
,2700
,2680
,2410
,2320
,2260
,2320
,2330
,2360
,2460
,2520
,2420
,2330
,2460
,2480
,2340
,2350
,2460
,2030
,2980
,1440
,2620
,2760
,2800
,2630
,2560
,2480
,2500
,2610
,2320
,2390
,2510
,2290
,2610
,2420
,2220
,2270
,2300
,2640
,7580
,2410
,2290
,2170
,2590
,2570
,2620
,2420
,2370
,2460
,2390
,2370
,2110
,2400
,2620
,2280
,2510
,2420
,2310
,2560
,2370
,2490
,2120
,2440
,2370
,2440
,2230
,2500
,2390
,2610
,2420
,2590
,2390
,2420
,2330
,2550
,2760
,3650
,8240
,2810
,2610
,2690
,2510
,2560
,2420
,2490
,2430
,2440
,2620
,2760
,2760
,2410
,2660
,2470
,4060
,2460
,2050
,2420
,2750
,2670
,2440
,2610
,2640
,2880
,2570
,2650
,2340
,2660
,2630
,2650
,2720
,2510
,2390
,2550
,2540
,2450
,2590
,2800
,2620
,2700
,2810
,2500
,2760
,1070
,2640
,2110
,2630
,2420
,2560
,2460
,2500
,2420
,2530
,2380
,2320
,2560
,2760
,2590
,2320
,2630
,2840
,2370
,1940
,2330
,2210
,2540
,2450
,2270
,2420
,2350
,2640
,2650
,2370
,2660
,2660
,2640
,2600
,2810
,2640
,2820
,2560
,2660
,2420
,2470
,2630
,2290
,2510
,2440
,2530
,2600
,2550
,2370
,5000
,2310
,8420
,3290
,2930
,2400
,2740
,2580
,2600
,2270
,2790
,2440
,2570
,2970
,2370
,2410
,2360
,2480
,2730
,2390
,2220
,540
,1310
,2140
,1850
,1280
,9560
,2430
,4470
,1470
,2720
,2840
,1600
,4900
,2300
,2890
,1240
,2070
,4510
,5710
,1820
,5140
,3080
,2660
,2300
,3430
,1350
,2970
,3660
,4740
,3250
,2720
,3070
,3330
,2460
,2470
,2280
,3020
,3160
,3880
,2440
,2720
,3240
,2800
,2590
,2480
,2870
,2800
,2410
,2850
,3140
,4140
,9880
,2910
,2630
,3200
,2590
,2480
,2630
,2820
,2210
,2530
,2490
,2530
,2690
,2570
,2420
,2630
,2500
,2650
,2830
,2610
,2860
,2820
,2390
,2390
,2470
,2530
,2490
,2620
,2580
,2760
,2710
,2670
,2620
,2690
,2990
,2430
,2560
,2570
,2520
,2510
,2440
,3110
,2710
,18210
,1880
,4590
,2240
,2030
,2080
,2400
,2830
,2940
,2570
,2470
,2510
,2640
,2540
,2710
,1910
,2230
,2670
,3000
,2980
,2640
,2390
,2180
,2160
,2450
,2760
,2630
,2910
,2860
,2970
,2730
,1420
,1620
,2530
,2620
,2670
,2610
,2660
,2680
,2740
,2720
,2310
,2880
,2390
,2840
,2860
,2830
,2660
,2790
,2720
,2840
,2760
,2840
,4100
,1940
,2940
,2620
,3050
,3840
,1730
,2610
,2910
,3870
,3090
,1850
,2840
,2960
,5830
,7230
,2290
,3020
,2570
,2690
,2190
,2730
,2380
,2630
,2810
,2300
,3630
,3030
,2830
,2480
,2740
,2930
,2580
,2610
,2560
,2450
,2320
,2830
,2430
,2640
,2950
,3070
,2830
,2690
,2530
,2880
,2360
,2410
,2780
,2520
,2860
,2640
,2620
,2630
,2610
,2640
,2630
,2590
,2610
,4920
,2240
,2340
,2720
,2920
,3580
,1470
,2480
,2940
,2370
,3140
,2840
,2300
,2360
,2770
,2380
,2600
,2760
,2790
,2530
,2750
,2570
,2930
,2980
,2720
,2760
,2840
,2910
,2760
,2660
,2580
,2860
,2630
,2600
,2510
,2570
,2620
,2820
,2910
,2760
,2840
,2590
,2470
,2670
,2970
,2790
,2700
,2430
,2760
,2670
,2840
,3130
,3100
,1790
,2410
,2910
,2860
,2890
,2710
,2810
,2700
,4940
,940
,760
,2570
,2770
,2930
,2830
,2770
,2670
,2460
,2510
,8680
,2420
,3190
,7450
,2210
,2950
,1860
,2420
,2340
,2690
,2710
,2710
,2850
,2870
,2440
,2670
,2950
,2990
,2670
,2330
,2710
,2720
,2630
,2660
,2640
,2460
,2520
,2710
,2550
,2670
,2900
,2860
,2600
,2470
,2990
,3900
,3630
,2430
,2550
,5360
,6760
,1670
,3080
,3100
,3030
,2820
,3000
,2710
,2660
,2790
,2830
,9790
,2520
,7580
,1270
,2600
,5870
,2880
,7250
,3150
,3470
,3260
,3000
,2860
,2590
,2830
,2860
,2620
,2720
,2790
,2870
,2890
,2770
,5050
,8600
,3080
,3290
,3120
,2800
,2790
,2950
,2770
,2680
,2700
,2700
,3200
,5690
,5620
,1740
,6040
,2720
,3410
,3050
,6290
,7290
,2980
,2950
,2410
,2310
,3000
,2160
,6220
,2080
,2380
,2240
,4260
,1680
,2780
,2330
,2610
,2850
,2620
,2600
,2690
,2370
,2390
,2690
,2510
,2890
,3090
,3570
,1960
,2680
,3250
,2280
,2800
,3080
,2620
,2730
,2670
,2610
,2860
,5400
,6640
,2830
,3160
,3130
,3370
,2850
,4170
,1080
,3650
,2060
,4300
,12910
,6150
,2660
,2260
,2180
,2090
,16310
,1110
,2460
,5440
,3640
,1640
,1250
,1610
,3620
,2600
,6700
,740
,790
,1740
,2230
,1080
,12190
,6600
,4530
,1430
,6360
,1620
,920
,550
,4540
,1580
,5040
,5340
,1580
,2600
,2590
,2730
,3770
,2560
,2890
,2710
,1580
,600
,1100
,3830
,3800
,2700
,2570
,2780
,2580
,2890
,2450
,2620
,4240
,2540
,2800
,2590
,2790
,2380
,2520
,2540
,2680
,2290
,2740
,2440
,2430
,2400
,2570
,2510
,2570
,2630
,2450
,2570
,2870
,2910
,2810
,2960
,3010
,3130
,2700
,2850
,3070
,2610
,2890
,2460
,2690
,2760
,2630
,2740
,3000
,2900
,2840
,2100
,800
,1310
,1230
,2050
,1780
,1280
,1570
,1590
,6760
,5730
,6720
,2490
,2260
,2760
,2300
,2990
,1920
,2720
,2370
,2960
,1960
,2990
,1870
,2720
,2470
,2570
,2670
,2480
,2360
,2360
,2640
,2850
,2260
,1420
,3480
,2230
,2540
,2700
,2620
,2600
,2780
,2840
,2580
,5090
,3680
,1730
,2480
,2730
,2630
,3050
,2690
,2630
,2600
,2730
,2830
,2880
,2760
,2930
,2840
,2670
,2640
,2650
,2550
,2670
,2870
,3280
,2080
,2930
,3390
,2480
,2710
,2760
,2720
,3700
,2550
,2910
,3150
,2200
,2260
,5070
,1910
,5870
,1630
,4260
,5430
,2220
,5170
,2880
,3040
,3290
,2520
,3430
,2460
,1340
,5160
,2770
,2770
,2470
,2690
,5770
,1610
,2520
,3370
,2650
,3200
,3310
,2380
,2540
,2510
,2850
,1950
,2780
,2370
,2400
,2620
,2140
,2490
,2230
,2300
,2440
,2650
,2470
,2630
,2370
,2400
,2320
,2290
,2390
,2250
,2570
,2450
,2480
,2290
,2860
,2140
,2580
,2890
,2060
,2400
,2610
,2540
,2540
,2300
,2540
,2860
,2090
,2600
,4790
,2640
,2280
,2370
,2670
,2600
,2530
,2350
,2520
,4090
,5130
,3040
,2990
,2620
,2860
,2570
,2690
,3550
,1900
,2380
,2210
,2850
,2710
,2720
,2720
,2110
,2830
,2540
,4920
,2270
,2600
,2420
,2510
,2430
,2440
,2470
,4510
,2160
,2310
,2600
,2480
,2290
,2570
,2600
,2490
,2250
,2340
,2730
,2580
,2470
,2560
,2470
,2360
,2360
,2590
,1930
,1370
,2510
,2380
,2480
,3810
,2560
,1130
,1090
,2460
,2710
,2460
,2570
,2610
,2340
,2630
,630
,1970
,2980
,2530
,2840
,2710
,2680
,2790
,2620
,2740
,2770
,2870
,2370
,2530
,2190
,2780
,2420
,2070
,2860
,2720
,2430
,2380
,2310
,2330
,2520
,2480
,2260
,2480
,2650
,2630
,2590
,2530
,2570
,2360
,2330
,2550
,2340
,2190
,2520
,2460
,2340
,2520
,2280
,2520
,2570
,2620
,2290
,3020
,2250
,2420
,3260
,2470
,1950
,2270
,2280
,2560
,2800
,2690
,2640
,3000
,2840
,2690
,2780
,2730
,6730
,3890
,2830
,2730
,2730
,2390
,2730
,2100
,2520
,2630
,2740
,2720
,2810
,2590
,2620
,2540
,2970
,2860
,2800
,2760
,2890
,2860
,2560
,2570
,2890
,1800
,2700
,2650
,2480
,2400
,2830
,2740
,2640
,2410
,2930
,2830
,2940
,2890
,3040
,1910
,3440
,2680
,2470
,2410
,2740
,2620
,2840
,2820
,2670
,2630
,2420
,2490
,2550
,2820
,2480
,3140
,2900
,3680
,2270
,2630
,2590
,2830
,3080
,3240
,2470
,3240
,1820
,8940
,2940
,2790
,2980
,2770
,2470
,2750
,2460
,2400
,2490
,3010
,2680
,2670
,2590
,2650
,2660
,2760
,2570
,2440
,2510
,2760
,2650
,2620
,2770
,2570
,2730
,2730
,2620
,2340
,2500
,2570
,2530
,2530
,2600
,5210
,1930
,2490
,2460
,2860
,2840
,2590
,2800
,2500
,2680
,2480
,2880
,2660
,2830
,2730
,2630
,2660
,3040
,2540
,2360
,2480
,2630
,2080
,2160
,2180
,2380
,4450
,2700
,2630
,4180
,1650
,1100
,3780
,3530
,2790
,3230
,5120
,11230
,1340
,2460
,3080
,2620
,2450
,2790
,2660
,2750
,2760
,3030
,2850
,2800
,2830
,2680
,2730
,5180
,1460
,4570
,1150
,16090
,1480
,5740
,8190
,11020
,4910
,720
,2390
,950
,1900
,5400
,6190
,4690
,2950
,6000
,5190
,2100
,1560
,4740
,2750
,6690
,5080
,2880
,17720
,3450
,4410
,2810
,2760
,5980
,2390
,2590
,3370
,2190
,3050
,2740
,2860
,2870
,2870
,2880
,2830
,2810
,3300
,1510
,2370
,2690
,2730
,2620
,2790
,2870
,3000
,2740
,2810
,2630
,2920
,2880
,2800
,2790
,2650
,2550
,2370
,2350
,2820
,2730
,2510
,2430
,5680
,2710
,2590
,3080
,2240
,2900
,2750
,2770
,2760
,2650
,2390
,3090
,3350
,3060
,2470
,2710
,2700
,2680
,2930
,2750
,2760
,2490
,2760
,2880
,2850
,2800
,2710
,2830
,2390
,2950
,2700
,2640
,2590
,2500
,2760
,2630
,2650
,2830
,2890
,2880
,2920
,2810
,2560
,2790
,2850
,2870
,2890
,2670
,2660
,2490
,2690
,2560
,2720
,2820
,2420
,2430
,2420
,2750
,2560
,2700
,2870
,2640
,2690
,2660
,2620
,2850
,2680
,2680
,2960
,2760
,2520
,2770
,2790
,2890
,2620
,2740
,2790
,5120
,2800
,2490
,3000
,5760
,1540
,2570
,2510
,2600
,2810
,2810
,2620
,4500
,2610
,2720
,2710
,2730
,2640
,2910
,2900
,2730
,3000
,2780
,3010
,2940
,2420
,2540
,2580
,2700
,2670
,2850
,2800
,2790
,3040
,2720
,2850
,2820
,2540
,2910
,2770
,2910
,2660
,2570
,2810
,2430
,2680
,2900
,4790
,2530
,2550
,2760
,3120
,2530
,2610
,2680
,2770
,2800
,2900
,2870
,2790
,2720
,3110
,2770
,2710
,2670
,2840
,2940
,2630
,2680
,2860
,2870
,2760
,2880
,2810
,2890
,2890
,2890
,3080
,2560
,2650
,2790
,3130
,2500
,5470
,2380
,2630
,2750
,2570
,2530
,2610
,2650
,2720
,2600
,2850
,2620
,2560
,2770
,2910
,2700
,2520
,2800
,3050
,2780
,2560
,2550
,2950
,2740
,2900
,2830
,2780
,3060
,2730
,3030
,2500
,2520
,2600
,2460
,2650
,2890
,2780
,2950
,3010
,2790
,3060
,3810
,2840
,2790
,2910
,2810
,2910
,2810
,2910
,2710
,2710
,2740
,2010
,2710
,2790
,2970
,2890
,6110
,2830
,2990
,2550
,2610
,2770
,2550
,3210
,2640
,2720
,2800
,3040
,2760
,2880
,2680
,2550
,2510
,2410
,2680
,2680
,2690
,2720
,2660
,2540
,2560
,2720
,2280
,2800
,2410
,3420
,2360
,3190
,2870
,2810
,2580
,3060
,3130
,1540
,2850
,3200
,2240
,2570
,2740
,2890
,2770
,2720
,2720
,2480
,3290
,2860
,3380
,2840
,2950
,4320
,9010
,7200
,2350
,9110
,1770
,3090
,2320
,2900
,2750
,2780
,2630
,2610
,2490
,2560
,1970
,2610
,2520
,2570
,1280
,1440
,2630
,2230
,2540
,2670
,2430
,2640
,2460
,2350
,2440
,2540
,2990
,2370
,2780
,6750
,1660
,2930
,2630
,2380
,2750
,2740
,2310
,2730
,2830
,3850
,2160
,4800
,3230
,3750
,610
,3820
,1520
,4010
,8830
,3740
,2320
,520
,3030
,2410
,1270
,3440
,2630
,11270
,3460
,2880
,3890
,5180
,5080
,4030
,3320
,3230
,3160
,2990
,2660
,3080
,2620
,2390
,2660
,2630
,2720
,2770
,2950
,2430
,2850
,2900
,2510
,2580
,2850
,4470
,4040
,3640
,14820
,10360
,4720
,2920
,6030
,6830
,3990
,3070
,6960
,2030
,26950
,2050
,2780
,14320
,820
,16810
,1430
,970
,3110
,6510
,3160
,3380
,3400
,3310
,4660
,1400
,2680
,1410
,9300
,6460
,1010
,8810
,1360
,2690
,24360
,640
,400
,7490
,2470
,2040
,7400
,4820
,5820
,2640
,3100
,6590
,2860
,3890
,1830
,1330
,11000
,5560
,2220
,4360
,5010
,2970
,9290
,12200
,2140
,4230
,1400
,8970
,6480
,5000
,5820
,5770
,2260
,690
,4750
,1170
,2720
,1880
,1860
,3490
,6800
,1130
,6590
,6150
,2680
,1980
,1970
,3440
,3570
,10430
,4610
,1380
,3270
,2860
,7990
,6650
,1610
,1930
,4450
,2160
,12070
,2250
,2310
,2880
,2070
,8020
,7870
,1500
,1600
,9070
,1860
,1770
,1030
,1670
,1510
,1520
,4810
,1930
,1240
,1480
,2790
,1060
,1310
,640
,1260
,1220
,4450
,2180
,2050
,1620
,830
,1810
,2130
,1310
,1780
,3250
,4300
,1510
,2640
,1170
,1360
,890
,1220
,2300
,910
,1630
,1340
,1470
,810
,1480
,1720
,2000
,2600
,1310
,1370
,2530
,830
,1520
,2540
,2290
,1140
,1280
,2740
,3830
,2560
,3190
,1380
,840
,2800
,2420
,1560
,1780
,3180
,3880
,1130
,1970
,1670
,1500
,1330
,760
,2250
,8500
,3840
,6960
,6150
,9410
,2420
,1770
,1670
,1860
,6220
,4540
,490
,1130
,2000
,2400
,5620
,1380
,2420
,980
,3140
,710
,1330
,2720
,1450
,1690
,4470
,460
,600
,2290
,1790
,1130
,1510
,2070
,2090
,5300
,2230
,1170
,4760
,3530
,2350
,2050
,3140
,8190
,1140
,11200
,4340
,7100
,8200
,3160
,2180
,9510
,5130
,1600
,3630
,12180
,4640
,4050
,3660
,5250
,4490
,2900
,1080
,790
,3530
,5850
,6310
,3400
,1410
,3460
,2530
,4020
,3380
,1700
,1740
,2360
,4350
,2850
,8650
,930
,4290
,4100
,6160
,2440
,1140
,1390
,1760
,7750
,3550
,4080
,3540
,6410
,2730
,13140
,5650
,4060
,2110
,4890
,14730
,7300
,7620
,5410
,8030
,1340
,3230
,8310
,4600
,4250
,2900
,2370
,5020
,3160
,7240
,3410
,9300
,2660
,3770
,6240
,2330
,4890
,5270
,3670
,1720
,13970
,2870
,8080
,9340
,2620
,7080
,4370
,5230
,5090
,7540
,1400
,5770
,9490
,5520
,6330
,3560
,3490
,8540
,2590
,4380
,10340
,13760
,5110
,2890
,1630
,2540
,7370
,3150
,6160
,4410
,6770
,8420
,7390
,5780
,14870
,8170
,2650
,3030
,11030
,2360
,2900
,2770
,4420
,2460
,6870
,7880
,9420
,5370
,1340
,10090
,8230
,1360
,2920
,9520
,5050
,15740
,6650
,4800
,2850
,4640
,2530
,2240
,1960
,6120
,6810
,7880
,7150
,4870
,6840
,2570
,1590
,16750
,15290
,840
,2780
,1300
,4600
,6940
,12620
,1470
,1940
,8910
,5170
,6340
,7780
,3420
,1330
,6190
,5450
,8610
,8760
,1440
,5590
,7180
,7560
,9360
,4920
,8870
,1590
,4050
,1270
,5340
,2470
,22890
,2370
,1800
,2820
,2060
,6340
,2340
,1950
,1860
,6250
,6330
,2020
,8640
,2500
,2340
,4650
,3390
,7310
,7320
,2810
,4700
,4260
,1090
,2760
,3780
,14190
,5760
,6630
,7220
,11800
,11360
,8490
,12200
,12360
,8290
,7470
,3450
,8670
,3850
,8810
,5140
,11000
,15520
,2100
,1600
,1740
,4520
,1570
,4260
,770
,1790
,6410
,6640
,3540
,7110
,4190
,650
,2220
,1720
,2830
,2730
,2100
,690
,610
,2820
,7110
,6220
,5540
,3910
,1380
,8840
,1080
,7540
,800
,1790
,24850
,4840
,1320
,6160
,13540
,2610
,2390
,2730
,2960
,3470
,7350
,1090
,6000
,1880
,13190
,5820
,4660
,10730
,3700
,18860
,8330
,3880
,4370
,7490
,1780
,1560
,3060
,1010
,6430
,1060
,5250
,3010
,17800
,5160
,2110
,4420
,1850
,1970
,3510
,3060
,1380
,2810
,2950
,1860
,1560
,1630
,5760
,2060
,5240
,4430
,9500
,2760
,4280
,7660
,1960
,5980
,5760
,3080
,2370
,1830
,1420
,910
,7590
,2720
,10830
,3900
,3250
,2170
,5510
,4320
,2770
,4240
,4510
,5150
,1230
,6430
,5170
,5190
,4070
,7290
,580
,530
,1070
,580
,610
,6370
,3960
,860
,2530
,3670
,4570
,1210
,1150
,3210
,3760
,7260
,1280
,5210
,3430
,3960
,4670
,4860
,1220
,8380
,7110
,980
,4800
,1020
,2150
,2230
,4450
,2460
,2550
,1500
,3070
,1490
,2350
,6940
,3940
,4610
,2580
,1110
,2060
,1830
,1440
,5420
,6450
,2310
,2260
,5870
,5060
,1660
,2900
,5110
,3310
,2520
,1230
,3800
,970
,1350
,5520
,3890
,1070
,4030
,4950
,2550
,1530
,2360
,4600
,1900
,930
,1900
,3480
,450
,5020
,5640
,960
,8200
,1110
,4400
,5340
,1080
,3460
,4250
,5540
,8590
,13740
,520
,1190
,2220
,4050
,1810
,600
,1230
,2750
,8600
,2140
,1770
,5210
,930
,2800
,3270
,1510
,2720
,2330
,4080
,2060
,2560
,2420
,2520
,2650
,2630
,2320
,2770
,2970
,2630
,2500
,2650
,2680
,2540
,2510
,2570
,2890
,2670
,2360
,2880
,2910
,2750
,2850
,2640
,2520
,2670
,2780
,2780
,5370
,6310
,1630
,7530
,2840
,1310
,2300
,3000
,1170
,2730
,3670
,2330
,1210
,1490
,2250
,1310
,3230
,17390
,12540
,5360
,2970
,880
,1900
,1850
,1130
,550
,4780
,2660
,5960
,2660
,8930
,1510
,1680
,1650
,2930
,13630
,7590
,1920
,4330
,7770
,2020
,4460
,5940
,3040
,4150
,3580
,2270
,1190
,3420
,1890
,700
,1270
,3890
,410
,730
,3710
,7110
,1650
,2660
,1680
,810
,13010
,1610
,13570
,14880
,610
,6140
,8510
,2080
,5470
,760
,15320
,16940
,5050
,510
,560
,1130
,1400
,2600
,5280
,730
,8790
,13120
,940
,8380
,2010
,10850
,3700
,4110
,7610
,900
,6940
,7960
,490
,5210
,2580
,5670
,11950
,8610
,2010
,5250
,4740
,5170
,570
,1820
,640
,880
,1100
,790
,4680
,1460
,6160
,2360
,5850
,6630
,2900
,670
,1630
,2110
,510
,900
,1140
,2100
,4170
,4080
,3250
,1490
,1790
,1760
,3280
,720
,960
,2950
,12950
,1720
,12840
,1150
,2600
,3730
,890
,680
,570
,1800
,11740
,9250
,1290
,3050
,3670
,6980
,3100
,2730
,2090
,940
,7430
,3270
,5860
,840
,1590
,3590
,990
,8300
,2470
,3570
,1900
,1890
,2270
,2140
,2720
,2230
,2080
,4980
,1200
,1560
,3350
,1450
,8710
,2030
,1350
,3770
,1850
,990
,4130
,2150
,3170
,2590
,2410
,3820
,610
,4560
,1000
,1170
,1190
,480
,6290
,1180
,930
,2250
,2900
,2280
,1430
,3410
,1850
,4480
,2350
,3310
,1300
,2720
,1140
,9390
,5420
,1620
,2020
,1730
,6870
,4600
,16030
,1970
,4840
,3160
,1690
,8010
,5000
,5740
,700
,1120
,480
,620
,1070
,560
,2360
,2320
,2030
,5920
,2210
,5730
,2190
,2590
,1380
,2220
,5490
,1940
,2620
,610
,3380
,1060
,7740
,2580
,8280
,520
,560
,1290
,2120
,7600
,4380
,1380
,4370
,1910
,2130
,8490
,5100
,4540
,7650
,1680
,3760
,1540
,640
,1770
,2620
,1970
,420
,700
,1240
,3840
,1440
,3810
,1900
,720
,1050
,540
,750
,2190
,1770
,1140
,1940
,2790
,5480
,7560
,3350
,4570
,2240
,9310
,2990
,2930
,2830
,2500
,3110
,5180
,4480
,12470
,7000
,13150
,4770
,2630
,3960
,4570
,4770
,4670
,12650
,4550
,2950
,2280
,3890
,3250
,7670
,4730
,8130
,8770
,12260
,16470
,1960
,2510
,7210
,3420
,2290
,20680
,650
,1470
,670
,1410
,3890
,3450
,1410
,4000
,9700
,480
,670
,1320
,3780
,1220
,2650
,6510
,1570
,1190
,1800
,11280
,2470
,2230
,2340
,2780
,1580
,2100
,2080
,2080
,2530
,2270
,2310
,1970
,2150
,1990
,2160
,2210
,2160
,2270
,2140
,2470
,2380
,2170
,2870
,2520
,2700
,2720
,2710
,2550
,2500
,1970
,2740
,2690
,2190
,2320
,2490
,2910
,2800
,2500
,2800
,2440
,2790
,2910
,2630
,2350
,14410
,9680
,1410
,8460
,2850
,7360
,820
,860
,9700
,5480
,2060
,4060
,5350
,1270
,2630
,1530
,1210
,2040
,2200
,4420
,6160
,3650
,2780
,6170
,1400
,2460
,2750
,2150
,3000
,1970
,3110
,1770
,1490
,5190
,2280
,2100
,2300
,2040
,2120
,2200
,2310
,2310
,2520
,2680
,2300
,2480
,3130
,5970
,19270
,2020
,2240
,2570
,1910
,2220
,2610
,2560
,2070
,2050
,2240
,2190
,2120
,2070
,2040
,2150
,2590
,2320
,2610
,2370
,3810
,2320
,1720
,920
,2080
,2410
,2500
,830
,1210
,1350
,2200
,1990
,2910
,3110
,2360
,2350
,2160
,2440
,2560
,2480
,2410
,2360
,2430
,2500
,2600
,2330
,2580
,2910
,2350
,2400
,2190
,2500
,2750
,5000
,5190
,2190
,2390
,2750
,2070
,2290
,2480
,2370
,2800
,2510
,2590
,2430
,2900
,2420
,2460
,2630
,2560
,2500
,2400
,2320
,2180
,2350
,2360
,2380
,2540
,2430
,2520
,2270
,2520
,1960
,4240
,8140
,4410
,2170
,3400
,900
,7610
,5350
,6300
,1550
,5570
,6800
,1710
,2280
,4640
,960
,1880
,4700
,940
,930
,3030
,4410
,3910
,1790
,6670
,2140
,3410
,8480
,620
,4890
,3840
,4200
,5510
,1950
,2320
,4070
,3010
,1490
,3490
,5730
,7750
,3690
,810
,2190
,5490
,7230
,1830
,5440
,4860
,2450
,9870
,7150
,7570
,1250
,10270
,2420
,2340
,1100
,420
,5460
,1640
,560
,12020
,1080
,7350
,2530
,1640
,1540
,4370
,4150
,1810
,3130
,2400
,3590
,3550
,5160
,3080
,1930
,1820
,920
,11950
,1580
,1430
,3460
,3520
,3810
,2600
,5200
,2790
,3770
,3170
,1970
,4960
,3200
,6580
,7560
,4270
,4030
,6540
,4040
,2360
,15910
,2570
,1240
,7660
,4010
,6440
,2060
,2500
,1950
,3170
,1710
,2380
,2230
,3380
,8150
,11490
,6110
,4790
,4420
,2970
,6900
,1050
,1460
,17180
,3230
,4060
,1600
,3360
,2310
,2720
,9030
,22840
,4880
,8070
,6740
,6350
,4850
,6430
,8400
,1240
,1880
,2420
,1000
,8220
,2490
,6230
,12030
,3880
,2210
,2320
,7680
,2210
,2390
,5730
,990
,580
,6780
,2310
,1360
,1490
,6820
,7010
,14370
,3310
,3840
,420
,570
,520
,520
,16200
,1320
,6230
,4870
,1750
,13140
,16790
,11400
,7260
,1850
,14620
,2620
,7950
,2700
,2680
,2880
,2510
,2680
,2370
,2860
,2340
,2790
,3910
,1550
,4930
,1310
,4340
,5040
,3960
,1580
,4800
,3230
,3890
,2070
,2520
,7720
,12090
,14400
,19760
,8970
,3260
,3860
,1190
,2510
,1990
,7070
,3910
,13410
,5630
,1410
,1750
,4710
,4010
,4330
,870
,1810
,1300
,3950
,4340
,1330
,1420
,3800
,3350
,4360
,1890
,710
,11240
,7720
,1980
,1010
,1480
,2260
,1110
,660
,7160
,5420
,5490
,5650
,1300
,1630
,3610
,3820
,7600
,6810
,6500
,2290
,26690
,1910
,1790
,1550
,1750
,3640
,1770
,2450
,2390
,2210
,4100
,1180
,2390
,1430
,5660
,1850
,2800
,2290
,2750
,2060
,2210
,2130
,2280
,2210
,2640
,1830
,2250
,2180
,2260
,2570
,2230
,2660
,2540
,3140
,2290
,2360
,2180
,2330
,2210
,2390
,2590
,2260
,2510
,2120
,2440
,2390
,2260
,2230
,4180
,18150
,2600
,3290
,2470
,2240
,2390
,2440
,2350
,2320
,2540
,3010
,2780
,2570
,2590
,2420
,2590
,2370
,2710
,2630
,2550
,2590
,2570
,2430
,2590
,2470
,2290
,2880
,2550
,2770
,2610
,2520
,2690
,2520
,3650
,2410
,2030
,2620
,2570
,5490
,1420
,4940
,1700
,4870
,2740
,2280
,2430
,2770
,2460
,2540
,2760
,3070
,2400
,2620
,2510
,2470
,2480
,2620
,2370
,5480
,2270
,9900
,2290
,2200
,2570
,2640
,2280
,2270
,2400
,2400
,2720
,2410
,2420
,2370
,2440
,2440
,4240
,640
,590
,4870
,5620
,2840
,3240
,2870
,2340
,2760
,2570
,2500
,2640
,2640
,2490
,3830
,2300
,2480
,2600
,2390
,2570
,2540
,2270
,2340
,2640
,2300
,2430
,2530
,2680
,2660
,2880
,2610
,2950
,2710
,2660
,2400
,2650
,2750
,2680
,2820
,2590
,2580
,2750
,2760
,2810
,2560
,2360
,2330
,2270
,2200
,2400
,2370
,2250
,2410
,5990
,8730
,2690
,2770
,2520
,3270
,1870
,2510
,2590
,2570
,2630
,2870
,2170
,2260
,2270
,2320
,2550
,2260
,2500
,2390
,2340
,2670
,2410
,2150
,2760
,2520
,2570
,2690
,2170
,2440
,2750
,2580
,2400
,2520
,5100
,8410
,2710
,1770
,8160
,5880
,2170
,2670
,2730
,2770
,2770
,2760
,2910
,2690
,2960
,2580
,2820
,2720
,2720
,2540
,2720
,2640
,2680
,2710
,2790
,2690
,2970
,2880
,2860
,2980
,7630
,4130
,2150
,8050
,3060
,2040
,3270
,2570
,2390
,2190
,3610
,1250
,2160
,2670
,2600
,2650
,1890
,960
,1850
,1870
,2630
,2590
,2730
,2080
,1930
,2080
,4060
,2620
,1550
,2660
,5290
,2290
,5610
,2920
,3060
,12470
,2350
,2770
,2710
,2610
,2460
,5160
,2420
,2450
,2330
,3710
,8200
,2810
,2820
,2890
,2750
,2460
,2460
,5670
,1280
,10280
,8500
,2890
,2360
,11060
,23750
,2840
,2530
,3770
,3400
,730
,10210
,1930
,2920
,1620
,1040
,5930
,3020
,5220
,6070
,5900
,5590
,8340
,3070
,2850
,2970
,2940
,2630
,2750
,2760
,1470
,680
,4050
,2380
,1070
,4680
,2530
,2820
,10070
,3350
,14780
,1720
,2880
,1960
,1700
,3360
,1930
,2870
,2960
,3230
,3220
,1400
,8620
,13290
,4590
,1990
,2790
,3330
,2690
,2810
,3010
,2810
,8230
,2810
,3130
,3010
,3020
,2830
,2870
,3130
,1110
,3840
,3020
,3070
,3050
,3380
,3130
,3030
,3060
,3170
,2800
,10220
,2130
,10210
,2650
,3480
,6870
,580
,2280
,14500
,2860
,2720
,2470
,2480
,8230
,2500
,2520
,2590
,2870
,2540
,3700
,3130
,9110
,5990
,3240
,5470
,5650
,2730
,5960
,2700
,8960
,5610
,6260
,3140
,2920
,3130
,2840
,3250
,1700
,12900
,1480
,1180
,4380
,13180
,750
,3280
,5960
,2720
,1150
,1340
,2130
,2050
,16310
,2610
,2810
,2370
,2650
,2360
,2400
,2330
,2600
,2420
,2840
,2670
,2890
,3250
,2850
,2810
,2650
,2650
,2560
,2730
,3030
,2460
,2370
,2330
,2490
,2560
,2490
,2560
,2380
,2560
,1780
,10330
,2430
,2630
,1750
,1980
,2470
,2930
,2770
,2500
,2720
,3060
,2720
,2600
,2700
,2760
,2960
,2670
,3190
,3810
,12260
,2950
,2700
,4150
,3940
,3270
,4000
,2640
,22480
,3110
,2900
,3070
,2590
,5020
,2650
,5580
,2730
,2590
,7640
,3190
,8270
,2100
,3270
,2970
,2810
,3150
,17480
,2510
,2910
,2660
,2370
,8170
,2510
,1880
,2550
,2820
,2960
,2490
,2680
,2630
,2560
,2610
,2530
,2690
,2350
,2630
,2420
,2910
,2900
,2580
,2280
,2750
,3030
,2890
,2730
,2650
,3130
,7100
,2610
,5510
,2440
,2610
,2710
,2830
,3060
,2930
,2630
,2710
,2730
,1510
,4470
,3030
,2330
,5540
,3640
,13650
,2630
,2730
,2740
,2570
,2900
,5200
,8670
,5580
,980
,8590
,8360
,1500
,8810
,2780
,2520
,3210
,2460
,2730
,2360
,2490
,2970
,2650
,2530
,2360
,2790
,2690
,2810
,2670
,2820
,2880
,2810
,2420
,2570
,2990
,2930
,2700
,2820
,13940
,3040
,2500
,2910
,2710
,4760
,2980
,2700
,3080
,4030
,1440
,1210
,7730
,2820
,2080
,2310
,1730
,2740
,2770
,2690
,3100
,3060
,3190
,2850
,2950
,4440
,1250
,3050
,5260
,3050
,2660
,3590
,2880
,2660
,5780
,2920
,2700
,2820
,2800
,2680
,2970
,3210
,2970
,2700
,2830
,2590
,5920
,3200
,2920
,3280
,9530
,2960
,1980
,2520
,2620
,4650
,17830
,2450
,2970
,13160
,3150
,2650
,3120
,2960
,2600
,2850
,3110
,2640
,2900
,2740
,4850
,5670
,1110
,5100
,1650
,9730
,2550
,1320
,1520
,9030
,1170
,11260
,3210
,2790
,3090
,2700
,2370
,2920
,2530
,2390
,2220
,1280
,1300
,650
,1840
,3290
,2130
,2670
,2720
,2700
,2470
,2680
,2890
,2380
,2520
,2540
,2490
,2620
,2740
,2840
,3310
,2150
,3060
,2800
,2800
,2130
,2960
,2540
,2350
,3010
,1780
,2950
,2900
,4240
,4700
,7020
,2640
,2700
,2370
,1140
,1520
,2970
,2380
,4670
,2760
,1360
,1370
,9200
,2750
,5090
,15570
,2600
,1880
,4470
,2480
,2370
,2530
,2170
,2370
,540
,2820
,2770
,2620
,3200
,2620
,2360
,2350
,2740
,2790
,2890
,2480
,2490
,2800
,2630
,2640
,2330
,3630
,2940
,1330
,6020
,3340
,6860
,8920
,5910
,2830
,2700
,2500
,2930
,2960
,2780
,2680
,2690
,3080
,1480
,1450
,1570
,1210
,3050
,3290
,4790
,7720
,6540
,1280
,8250
,4860
,600
,3980
,5350
,580
,2130
,3240
,5480
,800
,560
,5110
,2210
,1410
,1010
,5250
,6560
,6080
,3260
,4390
,1370
,8130
,4600
,2870
,3810
,3250
,6640
,3130
,1540
,620
,3710
,2830
,5130
,2490
,4890
,3920
,1490
,1550
,1150
,8050
,12730
,2330
,2480
,22370
,6830
,14350
,2760
,2360
,2460
,2190
,3420
,1620
,2230
,2350
,2800
,2400
,2380
,2300
,2310
,5450
,1630
,2220
,2380
,2640
,2840
,2760
,2230
,2340
,5110
,2920
,2430
,2580
,2360
,2470
,2590
,2390
,2750
,2310
,2370
,2930
,2570
,2240
,2580
,2310
,2470
,2330
,2480
,2590
,2580
,2320
,2380
,2630
,2620
,2430
,2650
,2810
,2440
,2500
,2720
,2880
,2690
,2760
,2510
,2750
,2870
,2800
,2920
,2560
,2170
,2730
,2750
,4630
,8280
,1590
,4130
,3240
,21330
,2290
,2610
,2600
,2540
,2320
,2400
,2720
,2400
,2680
,2600
,2580
,3420
,18620
,2710
,1090
,1620
,3730
,3060
,2760
,2660
,2670
,2770
,2940
,2880
,2580
,2210
,3070
,2830
,2910
,2980
,2720
,2240
,2740
,2160
,4360
,3260
,7880
,2570
,2600
,3640
,2330
,2440
,2910
,2490
,2540
,2570
,2490
,2340
,2640
,2450
,2500
,2540
,2620
,2560
,2570
,2030
,2530
,2770
,2340
,2550
,2670
,2490
,2390
,2450
,2480
,2590
,2590
,2540
,2730
,2560
,2810
,2530
,2230
,2660
,2490
,2440
,2910
,2400
,2880
,2450
,2670
,2880
,2910
,2630
,2470
,2660
,2660
,5750
,2500
,2690
,2500
,2750
,2960
,2850
,3120
,3210
,3070
,2910
,2680
,2680
,2650
,2470
,2530
,2690
,2550
,2750
,2550
,2600
,2340
,2440
,2510
,2970
,2980
,2580
,2570
,2660
,2620
,2360
,2890
,2760
,2790
,2950
,2530
,2640
,2680
,5490
,2310
,2700
,2870
,2710
,2720
,3120
,3090
,3150
,2950
,3070
,2680
,2810
,3480
,2760
,2460
,2750
,2970
,2890
,2700
,3120
,3080
,2970
,2780
,2920
,2700
,2770
,2810
,2570
,2930
,3440
,2690
,2840
,4220
,1120
,5090
,3320
,2670
,3200
,3840
,2330
,2460
,2690
,2650
,2340
,2750
,2430
,2890
,2740
,2700
,2940
,3110
,2510
,2570
,2790
,2560
,2730
,2760
,2760
,2510
,3270
,10010
,2780
,3150
,3070
,2810
,2550
,2620
,2740
,2890
,2730
,2510
,2510
,2690
,2810
,2930
,2520
,2670
,2990
,2880
,2620
,2530
,2570
,2960
,2760
,2860
,2510
,2780
,2880
,3230
,2540
,2620
,2940
,2680
,2680
,3100
,3120
,2930
,2460
,2820
,2540
,2630
,2860
,2730
,2780
,2980
,3000
,2880
,2780
,2840
,2900
,2930
,2750
,2650
,2950
,2660
,3000
,2710
,2460
,2560
,2750
,2560
,2570
,3000
,2780
,2830
,2500
,2620
,2520
,2660
,2680
,2430
,2270
,1970
,2350
,2720
,2020
,2700
,2320
,2290
,2220
,2350
,2720
,2490
,2670
,2940
,2450
,2720
,6890
,6950
,2300
,2750
,2800
,3730
,1050
,2540
,2060
,4030
,3090
,3390
,2220
,2510
,2510
,2750
,2870
,2530
,2730
,2270
,2940
,2490
,2590
,2450
,2690
,2780
,2720
,2740
,2590
,2770
,2610
,2760
,2670
,2510
,2620
,4820
,2630
,1130
,11460
,2240
,3030
,2460
,2980
,2490
,1590
,670
,930
,9990
,2300
,1320
,4310
,3100
,2600
,6130
,5530
,790
,3790
,4290
,2480
,3120
,5810
,470
,18300
,8350
,11980
,1520
,4050
,5820
,19000
,2840
,3980
,1590
,4450
,4690
,22870
,6480
,8970
,2410
,3080
,7630
,3380
,3080
,2650
,2760
,5860
,2870
,4850
,8970
,2950
,2520
,2770
,2310
,950
,2810
,2790
,2870
,2900
,8260
,8910
,2060
,600
,1900
,620
,2580
,590
,2030
,550
,7930
,23580
,3310
,6200
,2620
,3050
,3040
,3840
,26650
,2960
,2780
,6040
,2930
,3030
,2910
,2780
,3170
,3660
,3060
,5530
,2790
,8490
,3310
,2680
,2230
,870
,2150
,720
,3210
,2140
,740
,2880
,2850
,2990
,3010
,2940
,2950
,1930
,3330
,2700
,2710
,2450
,2550
,5430
,4950
,5960
,2650
,2970
,2830
,2670
,2530
,2950
,5500
,5870
,1890
,4270
,3590
,2730
,890
,3130
,2320
,9680
,4070
,3030
,2300
,9750
,9440
,2970
,8730
,2900
,3160
,2370
,6950
,3120
,980
,4270
,3820
,2700
,1210
,3540
,2480
,2920
,1960
,1220
,2460
,2510
,3160
,4720
,1890
,1860
,2600
,2360
,3150
,6310
,2250
,3330
,4830
,5030
,2530
,2320
,2340
,2680
,2490
,2940
,2980
,2660
,2980
,3120
,2810
,2960
,2720
,3110
,2800
,3050
,3050
,2760
,2920
,2640
,2720
,2540
,2820
,2880
,2740
,2890
,2530
,2700
,3040
,2970
,2650
,2610
,2810
,3040
,2990
,2800
,2900
,2790
,2650
,2750
,2800
,2930
,3340
,1950
,710
,2530
,3030
,2690
,2710
,2430
,2940
,2810
,2590
,3440
,2600
,2810
,3130
,2820
,2400
,2490
,2380
,2590
,2580
,2780
,2530
,2630
,2340
,2570
,2670
,2780
,2620
,2800
,2490
,2680
,2880
,2410
,5310
,28060
,2460
,1930
,2530
,2450
,2980
,2360
,2190
,2100
,2320
,2630
,2260
,2340
,2540
,2060
,2470
,2750
,1190
,3460
,11240
,2830
,4090
,4170
,3980
,2400
,3210
,2550
,8270
,2270
,2510
,2480
,4700
,3480
,2700
,2430
,3470
,11310
,3260
,3040
,4280
,2520
,2520
,2730
,2700
,2460
,3810
,6310
,7660
,8540
,1870
,2210
,1470
,2030
,1440
,1370
,2160
,10910
,3900
,2240
,3650
,2580
,2930
,4430
,3210
,1050
,1070
,4640
,3310
,1910
,1560
,3240
,6590
,1980
,2760
,1240
,8280
,3310
,7240
,2230
,2500
